Query_ID	Target_ID	Optimal_offset	p-value	E-value	q-value	Overlap	Query_consensus	Target_consensus	Orientation
3-ATGACSCSG	NFE2_HUMAN.H11MO.0.A	2	0.00034049	0.261837	0.307708	9	ATGACCCCG	GCATGACTCAGCA	+
3-ATGACSCSG	NF2L2_HUMAN.H11MO.0.A	0	0.000403316	0.31015	0.307708	9	ATGACCCCG	ATGACTCAGCAGTT	-
3-ATGACSCSG	BACH2_HUMAN.H11MO.0.A	0	0.00107531	0.826916	0.467459	9	ATGACCCCG	ATGACTCAGCA	-
3-ATGACSCSG	ESR1_HUMAN.H11MO.1.A	1	0.00133094	1.02349	0.467459	9	ATGACCCCG	GGTGACCTTG	-
3-ATGACSCSG	NF2L1_HUMAN.H11MO.0.C	1	0.00178065	1.36932	0.467459	6	ATGACCCCG	AATGACT	-
3-ATGACSCSG	BACH1_HUMAN.H11MO.0.A	2	0.00189303	1.45574	0.467459	9	ATGACCCCG	GCATGACTCAGCA	-
3-ATGACSCSG	VDR_HUMAN.H11MO.1.A	0	0.00214446	1.64909	0.467459	9	ATGACCCCG	CTGAACCCA	-
3-ATGACSCSG	ESR2_HUMAN.H11MO.1.A	0	0.00254868	1.95993	0.486124	7	ATGACCCCG	GTGACCT	-
6-AGYGCGAGAS	KAISO_HUMAN.H11MO.1.A	1	6.16744e-05	0.0474276	0.0948552	10	AGCGCGAGAC	TCTCGCGAGAA	+
6-AGYGCGAGAS	KAISO_HUMAN.H11MO.0.A	5	0.000313127	0.240795	0.240795	10	AGCGCGAGAC	CAAATCTCGCGAGAA	+
8-AGAGAGGKAGAGK	ZN768_HUMAN.H11MO.0.C	7	2.70518e-07	0.000208028	0.000415156	13	AGAGAGGGAGAGG	GAGGCTCAGAGAGGTTAAGT	+
10-ASGCGGCCGGMG	MBD2_HUMAN.H11MO.0.B	-2	3.90413e-05	0.0300227	0.0599422	10	ACGCGGCCGGCG	CGGGCCGGAGG	+
11-ASGCGGGACTKAGGG	SP2_HUMAN.H11MO.0.A	7	0.000832812	0.640432	0.47029	15	ACGCGGGACTGAGGG	GGGGGGGGGGCGGGGCCGGGGG	+
11-ASGCGGGACTKAGGG	SP1_HUMAN.H11MO.0.A	3	0.000924496	0.710937	0.47029	15	ACGCGGGACTGAGGG	GGGGGGCGGGGCCGGGGGGGGG	+
11-ASGCGGGACTKAGGG	E2F4_HUMAN.H11MO.1.A	-1	0.0010722	0.824525	0.47029	14	ACGCGGGACTGAGGG	GGCGGGAAATTTGA	+
11-ASGCGGGACTKAGGG	E2F4_HUMAN.H11MO.0.A	2	0.00122417	0.941386	0.47029	11	ACGCGGGACTGAGGG	GGGGGCGGGAAAT	+
14-CGCAACRGCCCCSR	MYBA_HUMAN.H11MO.0.D	2	0.000108627	0.0835338	0.166414	13	CGCAACGGCCCCCG	TCTCCAACTGCCACT	-
15-CGGGGRCGGGGMCAK	SP1_HUMAN.H11MO.1.A	0	5.10221e-07	0.00039236	0.000763249	14	CGGGGGCGGGGCCAG	GGGGGGCGGGGCCG	+
15-CGGGGRCGGGGMCAK	SP1_HUMAN.H11MO.0.A	0	1.04985e-06	0.000807336	0.000785247	15	CGGGGGCGGGGCCAG	GGGGGGCGGGGCCGGGGGGGGG	+
15-CGGGGRCGGGGMCAK	KLF12_HUMAN.H11MO.0.C	-1	7.46755e-06	0.00574255	0.00343439	11	CGGGGGCGGGGCCAG	AGGGGCGGGGC	+
15-CGGGGRCGGGGMCAK	SP2_HUMAN.H11MO.1.B	0	9.18336e-06	0.007062	0.00343439	12	CGGGGGCGGGGCCAG	AGGGGGCGGGGC	+
15-CGGGGRCGGGGMCAK	EGR4_HUMAN.H11MO.0.D	-1	1.83616e-05	0.0141201	0.00516441	11	CGGGGGCGGGGCCAG	GGCGGCAGGGC	+
15-CGGGGRCGGGGMCAK	SP2_HUMAN.H11MO.0.A	4	2.0714e-05	0.0159291	0.00516441	15	CGGGGGCGGGGCCAG	GGGGGGGGGGCGGGGCCGGGGG	+
15-CGGGGRCGGGGMCAK	SP3_HUMAN.H11MO.0.B	3	4.24765e-05	0.0326644	0.00800574	15	CGGGGGCGGGGCCAG	GGGGGGGGGCGGGGCCGGGG	+
15-CGGGGRCGGGGMCAK	ZN281_HUMAN.H11MO.0.A	3	4.28138e-05	0.0329238	0.00800574	12	CGGGGGCGGGGCCAG	GGGTGGGGGAGGGGA	+
15-CGGGGRCGGGGMCAK	SP4_HUMAN.H11MO.1.A	2	7.83807e-05	0.0602747	0.0130279	14	CGGGGGCGGGGCCAG	GGAGGGGGCGGGGCCG	+
15-CGGGGRCGGGGMCAK	KLF9_HUMAN.H11MO.0.C	2	0.000118515	0.0911382	0.0164618	13	CGGGGGCGGGGCCAG	GGAGGGGGCGTGGCC	+
15-CGGGGRCGGGGMCAK	MAZ_HUMAN.H11MO.1.A	-1	0.00012105	0.0930871	0.0164618	11	CGGGGGCGGGGCCAG	GAGGGAGGGGG	+
15-CGGGGRCGGGGMCAK	SP4_HUMAN.H11MO.0.A	4	0.000150634	0.115838	0.0187781	15	CGGGGGCGGGGCCAG	GGGAAGGGGGCGGGGCCGGG	+
15-CGGGGRCGGGGMCAK	ZN148_HUMAN.H11MO.0.D	4	0.000236327	0.181736	0.0271943	11	CGGGGGCGGGGCCAG	GGGGTGGGGGAGGGG	+
15-CGGGGRCGGGGMCAK	KLF3_HUMAN.H11MO.0.B	3	0.000262376	0.201767	0.0280352	15	CGGGGGCGGGGCCAG	GGGGAGGGGCGGGGCCGGG	+
15-CGGGGRCGGGGMCAK	KLF14_HUMAN.H11MO.0.D	1	0.000288592	0.221927	0.0285548	12	CGGGGGCGGGGCCAG	AGGGGGGCGTGGC	+
15-CGGGGRCGGGGMCAK	KLF1_HUMAN.H11MO.0.A	-2	0.000319051	0.24535	0.0285548	13	CGGGGGCGGGGCCAG	GGGGCGGGGCCGGG	+
15-CGGGGRCGGGGMCAK	E2F4_HUMAN.H11MO.0.A	-1	0.000324504	0.249544	0.0285548	13	CGGGGGCGGGGCCAG	GGGGGCGGGAAAT	+
15-CGGGGRCGGGGMCAK	KLF4_HUMAN.H11MO.0.A	-2	0.000982458	0.75551	0.0816487	10	CGGGGGCGGGGCCAG	AGGGTGTGGC	+
15-CGGGGRCGGGGMCAK	KLF6_HUMAN.H11MO.0.A	1	0.00126609	0.973621	0.0980728	15	CGGGGGCGGGGCCAG	GGAAGGGCGGGGCCGGGGG	+
15-CGGGGRCGGGGMCAK	TFDP1_HUMAN.H11MO.0.C	0	0.00131121	1.00832	0.0980728	14	CGGGGGCGGGGCCAG	GGGGGGCGGGAAAA	+
15-CGGGGRCGGGGMCAK	ZN740_HUMAN.H11MO.0.D	-1	0.00145557	1.11934	0.103687	14	CGGGGGCGGGGCCAG	GGGGGGGGGGTGGG	+
15-CGGGGRCGGGGMCAK	KLF13_HUMAN.H11MO.0.D	1	0.00171981	1.32254	0.116941	10	CGGGGGCGGGGCCAG	AGGGGGGCGTG	+
15-CGGGGRCGGGGMCAK	E2F7_HUMAN.H11MO.0.B	-2	0.00182687	1.40486	0.118819	13	CGGGGGCGGGGCCAG	GGGGCGGGAAAGG	+
15-CGGGGRCGGGGMCAK	PATZ1_HUMAN.H11MO.0.C	4	0.00219154	1.68529	0.136598	15	CGGGGGCGGGGCCAG	GGGGAGGGGGCGGGGGGGGAGG	+
15-CGGGGRCGGGGMCAK	EGR1_HUMAN.H11MO.0.A	5	0.00231541	1.78055	0.138547	12	CGGGGGCGGGGCCAG	GAGGGCGTGGGCGGGGG	+
15-CGGGGRCGGGGMCAK	COT1_HUMAN.H11MO.0.C	0	0.00255805	1.96714	0.141729	15	CGGGGGCGGGGCCAG	GGGGTCAGAGGTCAGGG	+
15-CGGGGRCGGGGMCAK	KLF5_HUMAN.H11MO.0.A	-2	0.00255809	1.96717	0.141729	13	CGGGGGCGGGGCCAG	AGGGTGGGGCTGGG	+
15-CGGGGRCGGGGMCAK	ZBT17_HUMAN.H11MO.0.A	5	0.00271528	2.08805	0.145066	14	CGGGGGCGGGGCCAG	GAGGGTGGGGGAGGGGAAG	+
15-CGGGGRCGGGGMCAK	XBP1_HUMAN.H11MO.0.D	-1	0.00301738	2.32036	0.155292	11	CGGGGGCGGGGCCAG	GCTGACGTGGC	+
15-CGGGGRCGGGGMCAK	ZN816_HUMAN.H11MO.0.C	0	0.00311432	2.39491	0.155292	15	CGGGGGCGGGGCCAG	AAAAAAGGGGGACATGCAGGG	+
15-CGGGGRCGGGGMCAK	E2F1_HUMAN.H11MO.0.A	0	0.003286	2.52693	0.158567	14	CGGGGGCGGGGCCAG	GGGGGGCGGGAAAG	+
15-CGGGGRCGGGGMCAK	SALL4_HUMAN.H11MO.0.B	0	0.00344539	2.6495	0.161063	10	CGGGGGCGGGGCCAG	GGAGGGTGGG	+
15-CGGGGRCGGGGMCAK	EGR2_HUMAN.H11MO.1.A	4	0.00379637	2.91941	0.172093	12	CGGGGGCGGGGCCAG	GGGGCGTGGGCGGGGG	+
15-CGGGGRCGGGGMCAK	ZN219_HUMAN.H11MO.0.D	0	0.00391421	3.01003	0.172216	12	CGGGGGCGGGGCCAG	GAGGGGGGCGGA	+
15-CGGGGRCGGGGMCAK	ZBT7A_HUMAN.H11MO.0.A	0	0.00415403	3.19445	0.177545	9	CGGGGGCGGGGCCAG	GGGGGTCTC	+
15-CGGGGRCGGGGMCAK	WT1_HUMAN.H11MO.0.C	3	0.00433542	3.33394	0.178347	15	CGGGGGCGGGGCCAG	GGGCGGGGGAGGAGGGGGGG	+
15-CGGGGRCGGGGMCAK	PATZ1_HUMAN.H11MO.1.C	-1	0.00441122	3.39223	0.178347	9	CGGGGGCGGGGCCAG	AGGGAGGGG	+
15-CGGGGRCGGGGMCAK	ZN554_HUMAN.H11MO.1.D	-5	0.00468316	3.60135	0.184359	9	CGGGGGCGGGGCCAG	GCAGAGCCA	+
15-CGGGGRCGGGGMCAK	KLF15_HUMAN.H11MO.0.A	4	0.00487937	3.75223	0.187157	15	CGGGGGCGGGGCCAG	GGGGAGGAGCAGGGGGGGG	+
15-CGGGGRCGGGGMCAK	NFIC_HUMAN.H11MO.0.A	1	0.00582901	4.48251	0.210318	15	CGGGGGCGGGGCCAG	CTTGGCAGGGAGCCAAG	-
15-CGGGGRCGGGGMCAK	KLF16_HUMAN.H11MO.0.D	-1	0.00590416	4.5403	0.210318	14	CGGGGGCGGGGCCAG	GGGGGCGGGGGGGGGGGGG	+
15-CGGGGRCGGGGMCAK	ZN816_HUMAN.H11MO.1.C	-4	0.00590497	4.54092	0.210318	11	CGGGGGCGGGGCCAG	AAGGGGGACATGCA	+
15-CGGGGRCGGGGMCAK	EGR2_HUMAN.H11MO.0.A	7	0.00621522	4.7795	0.21622	11	CGGGGGCGGGGCCAG	GGGGGGGTGTGGGAGGGG	+
15-CGGGGRCGGGGMCAK	PTF1A_HUMAN.H11MO.0.B	-1	0.00785103	6.03744	0.261159	14	CGGGGGCGGGGCCAG	GGGAAAGGGGGCAGCTGG	-
15-CGGGGRCGGGGMCAK	PLAL1_HUMAN.H11MO.0.D	-4	0.00795258	6.11553	0.261159	10	CGGGGGCGGGGCCAG	CGGGGGGCCC	+
15-CGGGGRCGGGGMCAK	ATF6A_HUMAN.H11MO.0.B	1	0.00803074	6.17564	0.261159	11	CGGGGGCGGGGCCAG	GTGGTGACGTGG	+
15-CGGGGRCGGGGMCAK	TBX15_HUMAN.H11MO.0.D	7	0.00858388	6.601	0.268868	12	CGGGGGCGGGGCCAG	GGGGGGGGGGGGGTGGGGG	+
15-CGGGGRCGGGGMCAK	ZN770_HUMAN.H11MO.1.C	0	0.00875874	6.73547	0.268868	11	CGGGGGCGGGGCCAG	GGGAGGCTGAG	+
15-CGGGGRCGGGGMCAK	REST_HUMAN.H11MO.0.A	8	0.00898673	6.9108	0.268868	14	CGGGGGCGGGGCCAG	TTCAGCACCATGGACAGCGCCC	+
15-CGGGGRCGGGGMCAK	ZN467_HUMAN.H11MO.0.C	-1	0.00898673	6.9108	0.268868	14	CGGGGGCGGGGCCAG	GGGGAGGGGAGGGGGGGGGGGG	+
15-CGGGGRCGGGGMCAK	NFIA_HUMAN.H11MO.0.C	0	0.00941225	7.23802	0.276078	15	CGGGGGCGGGGCCAG	TTGGCACGGTGCCAA	+
15-CGGGGRCGGGGMCAK	ZF64A_HUMAN.H11MO.0.D	0	0.00973595	7.48695	0.276541	15	CGGGGGCGGGGCCAG	GGGGCCCGGGAACCTG	+
15-CGGGGRCGGGGMCAK	INSM1_HUMAN.H11MO.0.C	-2	0.00979778	7.53449	0.276541	12	CGGGGGCGGGGCCAG	TGTCAGGGGGCA	+
15-CGGGGRCGGGGMCAK	ZN320_HUMAN.H11MO.0.C	3	0.0101257	7.78666	0.280504	15	CGGGGGCGGGGCCAG	GTGGGACCAGGGGGCCAGTG	+
15-CGGGGRCGGGGMCAK	CREB3_HUMAN.H11MO.0.D	0	0.0106108	8.15973	0.283445	13	CGGGGGCGGGGCCAG	TGGTGACGTGGCA	+
15-CGGGGRCGGGGMCAK	ZBTB6_HUMAN.H11MO.0.C	-1	0.0106108	8.15973	0.283445	13	CGGGGGCGGGGCCAG	GGTGCTGGAGCCG	+
15-CGGGGRCGGGGMCAK	MAZ_HUMAN.H11MO.0.A	0	0.0108093	8.31232	0.28368	15	CGGGGGCGGGGCCAG	GGGGGAGGGGGGGGGGGGGGGG	+
15-CGGGGRCGGGGMCAK	NR1H4_HUMAN.H11MO.1.B	-8	0.0128814	9.90578	0.332232	7	CGGGGGCGGGGCCAG	AGGTCAGT	+
15-CGGGGRCGGGGMCAK	VDR_HUMAN.H11MO.1.A	-6	0.0138971	10.6869	0.346577	9	CGGGGGCGGGGCCAG	TGGGTTCAG	+
15-CGGGGRCGGGGMCAK	TBX1_HUMAN.H11MO.0.D	2	0.0139009	10.6898	0.346577	15	CGGGGGCGGGGCCAG	GGGTGGGCAGGGGTGGGCGG	+
15-CGGGGRCGGGGMCAK	E2F6_HUMAN.H11MO.0.A	-2	0.015429	11.8649	0.376763	13	CGGGGGCGGGGCCAG	GGGGCGGGAAGGG	+
15-CGGGGRCGGGGMCAK	COT2_HUMAN.H11MO.1.A	0	0.0159078	12.2331	0.376763	15	CGGGGGCGGGGCCAG	GGGGTCAAAGGTCAGGG	+
15-CGGGGRCGGGGMCAK	MBD2_HUMAN.H11MO.0.B	-1	0.0160081	12.3102	0.376763	11	CGGGGGCGGGGCCAG	CGGGCCGGAGG	+
15-CGGGGRCGGGGMCAK	ZN335_HUMAN.H11MO.0.A	5	0.0162324	12.4827	0.376763	15	CGGGGGCGGGGCCAG	TCAGGCAGCGCCGAGGACAGCC	-
15-CGGGGRCGGGGMCAK	HEY2_HUMAN.H11MO.0.D	1	0.0166228	12.7829	0.376763	15	CGGGGGCGGGGCCAG	GGGGGCACGTGGCATTA	+
15-CGGGGRCGGGGMCAK	MTF1_HUMAN.H11MO.0.C	-1	0.0166228	12.7829	0.376763	14	CGGGGGCGGGGCCAG	AGTGCCGTGTGCAAAAC	+
15-CGGGGRCGGGGMCAK	VEZF1_HUMAN.H11MO.0.C	6	0.0169696	13.0496	0.378883	15	CGGGGGCGGGGCCAG	GGGGAGGGGGGAGGGGGAGGGG	+
15-CGGGGRCGGGGMCAK	VEZF1_HUMAN.H11MO.1.C	1	0.0174925	13.4518	0.384815	11	CGGGGGCGGGGCCAG	AGGGGGAGGGGG	+
15-CGGGGRCGGGGMCAK	PPARD_HUMAN.H11MO.0.D	0	0.018713	14.3903	0.405696	14	CGGGGGCGGGGCCAG	TAGGACAAAGGTCA	+
15-CGGGGRCGGGGMCAK	RARG_HUMAN.H11MO.1.B	-7	0.0192663	14.8158	0.408121	8	CGGGGGCGGGGCCAG	GAGGTCAG	+
15-CGGGGRCGGGGMCAK	ZN770_HUMAN.H11MO.0.C	6	0.0193705	14.8959	0.408121	15	CGGGGGCGGGGCCAG	GGGAGGCTGAGGCGGGAGGATC	+
15-CGGGGRCGGGGMCAK	PURA_HUMAN.H11MO.0.D	0	0.0197898	15.2184	0.411166	15	CGGGGGCGGGGCCAG	GGAAGGGGGGGGCAGGG	+
15-CGGGGRCGGGGMCAK	NR1D1_HUMAN.H11MO.0.B	0	0.0201026	15.4589	0.411942	15	CGGGGGCGGGGCCAG	AGGGAAGTGGGTCAGAAGG	+
15-CGGGGRCGGGGMCAK	NR2C2_HUMAN.H11MO.0.B	-2	0.0211008	16.2265	0.426555	12	CGGGGGCGGGGCCAG	GGTTCCGGGTCA	+
15-CGGGGRCGGGGMCAK	RXRA_HUMAN.H11MO.0.A	3	0.0215823	16.5968	0.430472	15	CGGGGGCGGGGCCAG	GGGGGAGGCAGAGGTCAGAG	+
15-CGGGGRCGGGGMCAK	ZFX_HUMAN.H11MO.1.A	0	0.0225199	17.3178	0.437656	15	CGGGGGCGGGGCCAG	GGGGGCGGAGGCCGGGG	+
15-CGGGGRCGGGGMCAK	ZFX_HUMAN.H11MO.0.A	0	0.0225276	17.3238	0.437656	10	CGGGGGCGGGGCCAG	CGGGGCCTGG	-
15-CGGGGRCGGGGMCAK	ESR2_HUMAN.H11MO.0.A	0	0.0249867	19.2147	0.469055	15	CGGGGGCGGGGCCAG	AGGTCAGGGTGACCT	-
15-CGGGGRCGGGGMCAK	CR3L2_HUMAN.H11MO.0.D	0	0.0253828	19.5194	0.469055	13	CGGGGGCGGGGCCAG	TGATGACGTGGCA	+
15-CGGGGRCGGGGMCAK	E2F3_HUMAN.H11MO.0.A	-2	0.0259153	19.9289	0.469055	11	CGGGGGCGGGGCCAG	AGGGCGGGAAA	+
15-CGGGGRCGGGGMCAK	NR1H4_HUMAN.H11MO.0.B	3	0.0260061	19.9987	0.469055	15	CGGGGGCGGGGCCAG	CCTCGGGGTCATTGACCCC	-
15-CGGGGRCGGGGMCAK	ZN341_HUMAN.H11MO.0.C	6	0.0262345	20.1744	0.469055	15	CGGGGGCGGGGCCAG	GGGGGGGGGGGGAGGGAAGAGC	+
15-CGGGGRCGGGGMCAK	ZIC1_HUMAN.H11MO.0.B	-1	0.0263388	20.2545	0.469055	9	CGGGGGCGGGGCCAG	GGGGTGGTC	+
16-GCWACGCCCCGGCC	KLF12_HUMAN.H11MO.0.C	0	6.81855e-05	0.0524347	0.0525972	11	GCTACGCCCCGGCC	GCCCCGCCCCT	-
16-GCWACGCCCCGGCC	KLF9_HUMAN.H11MO.0.C	1	7.06069e-05	0.0542967	0.0525972	14	GCTACGCCCCGGCC	GGCCACGCCCCCTCC	-
16-GCWACGCCCCGGCC	SP1_HUMAN.H11MO.0.A	5	0.000103701	0.0797458	0.0525972	14	GCTACGCCCCGGCC	CCCCCCCCCGGCCCCGCCCCCC	-
16-GCWACGCCCCGGCC	SP1_HUMAN.H11MO.1.A	-3	0.000192063	0.147696	0.0730612	11	GCTACGCCCCGGCC	CGGCCCCGCCCCCC	-
16-GCWACGCCCCGGCC	KLF14_HUMAN.H11MO.0.D	0	0.000328716	0.252783	0.100036	13	GCTACGCCCCGGCC	GCCACGCCCCCCT	-
16-GCWACGCCCCGGCC	KLF3_HUMAN.H11MO.0.B	4	0.000793726	0.610375	0.187283	14	GCTACGCCCCGGCC	CCCGGCCCCGCCCCTCCCC	-
16-GCWACGCCCCGGCC	KLF1_HUMAN.H11MO.0.A	-1	0.000974449	0.749351	0.187283	13	GCTACGCCCCGGCC	CCCGGCCCCGCCCC	-
16-GCWACGCCCCGGCC	KLF4_HUMAN.H11MO.0.A	0	0.00098466	0.757203	0.187283	10	GCTACGCCCCGGCC	GCCACACCCT	-
16-GCWACGCCCCGGCC	SP3_HUMAN.H11MO.0.B	5	0.00136234	1.04764	0.223695	14	GCTACGCCCCGGCC	CCCCGGCCCCGCCCCCCCCC	-
16-GCWACGCCCCGGCC	SP4_HUMAN.H11MO.1.A	2	0.00147012	1.13052	0.223695	14	GCTACGCCCCGGCC	CGGCCCCGCCCCCTCC	-
16-GCWACGCCCCGGCC	SP2_HUMAN.H11MO.1.B	-5	0.00189244	1.45528	0.261777	9	GCTACGCCCCGGCC	GCCCCGCCCCCT	-
16-GCWACGCCCCGGCC	MECP2_HUMAN.H11MO.0.C	-6	0.00221822	1.70581	0.281272	7	GCTACGCCCCGGCC	CTCCGGG	-
16-GCWACGCCCCGGCC	AP2B_HUMAN.H11MO.0.B	-4	0.00248818	1.91341	0.291044	10	GCTACGCCCCGGCC	GCCCCCGGGC	-
16-GCWACGCCCCGGCC	KLF5_HUMAN.H11MO.0.A	-1	0.00267784	2.05926	0.291044	13	GCTACGCCCCGGCC	CCCAGCCCCACCCT	-
16-GCWACGCCCCGGCC	SP2_HUMAN.H11MO.0.A	1	0.00337823	2.59786	0.301464	14	GCTACGCCCCGGCC	CCCCCGGCCCCGCCCCCCCCCC	-
16-GCWACGCCCCGGCC	MAZ_HUMAN.H11MO.1.A	-5	0.00358135	2.75406	0.301464	9	GCTACGCCCCGGCC	CCCCCTCCCTC	-
16-GCWACGCCCCGGCC	ZN331_HUMAN.H11MO.0.C	7	0.00366964	2.82195	0.301464	13	GCTACGCCCCGGCC	CCACCCAGCTGAGCCCAGCC	-
16-GCWACGCCCCGGCC	ZFX_HUMAN.H11MO.0.A	-1	0.00367168	2.82352	0.301464	10	GCTACGCCCCGGCC	CCAGGCCCCG	+
16-GCWACGCCCCGGCC	AP2D_HUMAN.H11MO.0.D	-1	0.00376432	2.89476	0.301464	13	GCTACGCCCCGGCC	ACGCGCCTCGGGCG	-
16-GCWACGCCCCGGCC	EGR1_HUMAN.H11MO.0.A	0	0.00408437	3.14088	0.310533	14	GCTACGCCCCGGCC	CCCCCGCCCACGCCCTC	-
16-GCWACGCCCCGGCC	ZF64A_HUMAN.H11MO.0.D	-1	0.00429556	3.30328	0.310533	13	GCTACGCCCCGGCC	CAGGTTCCCGGGCCCC	-
16-GCWACGCCCCGGCC	ZN740_HUMAN.H11MO.0.D	0	0.00455898	3.50586	0.310533	14	GCTACGCCCCGGCC	CCCACCCCCCCCCC	-
16-GCWACGCCCCGGCC	SP4_HUMAN.H11MO.0.A	4	0.00488478	3.75639	0.310533	14	GCTACGCCCCGGCC	CCCGGCCCCGCCCCCTTCCC	-
16-GCWACGCCCCGGCC	KLF13_HUMAN.H11MO.0.D	-2	0.00489797	3.76654	0.310533	11	GCTACGCCCCGGCC	CACGCCCCCCT	-
16-GCWACGCCCCGGCC	MBD2_HUMAN.H11MO.0.B	-5	0.00515711	3.96581	0.313884	9	GCTACGCCCCGGCC	CCTCCGGCCCC	-
16-GCWACGCCCCGGCC	TBX1_HUMAN.H11MO.0.D	1	0.00646897	4.97464	0.378586	14	GCTACGCCCCGGCC	CCGCCCACCCCTGCCCACCC	-
16-GCWACGCCCCGGCC	EGR2_HUMAN.H11MO.1.A	0	0.00898398	6.90868	0.47707	14	GCTACGCCCCGGCC	CCCCCGCCCACGCCCC	-
16-GCWACGCCCCGGCC	KLF6_HUMAN.H11MO.0.A	1	0.0090845	6.98598	0.47707	14	GCTACGCCCCGGCC	CCCCCGGCCCCGCCCTTCC	-
16-GCWACGCCCCGGCC	ZN335_HUMAN.H11MO.0.A	4	0.00909238	6.99204	0.47707	14	GCTACGCCCCGGCC	TCAGGCAGCGCCGAGGACAGCC	-
19-AGCMTCTGGMMGSY	ZBT18_HUMAN.H11MO.0.C	1	0.00018007	0.138474	0.276529	10	AGCCTCTGGCCGCC	CCACATCTGGA	-
19-AGCMTCTGGMMGSY	TWST1_HUMAN.H11MO.1.A	0	0.000885856	0.681223	0.429175	10	AGCCTCTGGCCGCC	CACATCTGGT	+
19-AGCMTCTGGMMGSY	PTF1A_HUMAN.H11MO.1.B	0	0.00110836	0.852329	0.429175	9	AGCCTCTGGCCGCC	AGCAGCTGG	+
19-AGCMTCTGGMMGSY	BHA15_HUMAN.H11MO.0.B	2	0.00111788	0.859648	0.429175	9	AGCCTCTGGCCGCC	GCAGCAGCTGG	+
23-AGGTGKCGCTG	CTCFL_HUMAN.H11MO.0.A	6	0.000412274	0.317038	0.335025	11	AGGTGTCGCTG	GCCGCCAGGGGGCGCCG	+
23-AGGTGKCGCTG	SNAI1_HUMAN.H11MO.0.C	2	0.000436322	0.335532	0.335025	6	AGGTGTCGCTG	CCAGGTGG	+
23-AGGTGKCGCTG	ZN329_HUMAN.H11MO.0.C	2	0.000880427	0.677049	0.440819	11	AGGTGTCGCTG	TCAGGCATGGCTGGATCCAG	-
23-AGGTGKCGCTG	KLF5_HUMAN.H11MO.0.A	1	0.00120367	0.925619	0.440819	11	AGGTGTCGCTG	AGGGTGGGGCTGGG	+
23-AGGTGKCGCTG	MESP1_HUMAN.H11MO.0.D	2	0.00151983	1.16875	0.440819	9	AGGTGTCGCTG	GCAGGTGTGGA	+
23-AGGTGKCGCTG	CTCF_HUMAN.H11MO.0.A	8	0.00172231	1.32446	0.440819	11	AGGTGTCGCTG	TGGCCACCAGGGGGCGCCA	+
23-AGGTGKCGCTG	TBX5_HUMAN.H11MO.0.D	0	0.00219241	1.68596	0.480976	8	AGGTGTCGCTG	AGGTGTGA	+
26-ACTGTCAC	TGIF1_HUMAN.H11MO.0.A	0	0.000140409	0.107975	0.215059	7	ACTGTCAC	GCTGTCA	-
26-ACTGTCAC	MEIS1_HUMAN.H11MO.1.B	0	0.000408692	0.314284	0.219266	8	ACTGTCAC	GCTGTCAGC	-
26-ACTGTCAC	TGIF2_HUMAN.H11MO.0.D	3	0.00048088	0.369797	0.219266	8	ACTGTCAC	ACAGCTGTCAT	-
26-ACTGTCAC	MEIS3_HUMAN.H11MO.0.D	2	0.000690978	0.531362	0.219266	8	ACTGTCAC	CACCTGTCAAA	-
26-ACTGTCAC	PRDM1_HUMAN.H11MO.0.A	2	0.000870406	0.669342	0.219266	8	ACTGTCAC	TCACTTTCACTTTC	-
26-ACTGTCAC	TBX20_HUMAN.H11MO.0.D	1	0.000935237	0.719198	0.219266	8	ACTGTCAC	ACCTGTCAGCACCT	-
26-ACTGTCAC	MEIS2_HUMAN.H11MO.0.B	5	0.00100209	0.770608	0.219266	8	ACTGTCAC	TGACAGCTGTCAA	-
26-ACTGTCAC	PBX1_HUMAN.H11MO.0.A	-1	0.00224548	1.72677	0.425362	7	ACTGTCAC	CTGTCAATCA	-
26-ACTGTCAC	SMAD2_HUMAN.H11MO.0.A	2	0.00268556	2.06519	0.425362	8	ACTGTCAC	TGTCTGTCACCT	+
26-ACTGTCAC	PKNX1_HUMAN.H11MO.0.B	0	0.00304549	2.34198	0.425362	8	ACTGTCAC	CCTGTCAATCA	-
26-ACTGTCAC	MYB_HUMAN.H11MO.0.A	3	0.00305485	2.34918	0.425362	8	ACTGTCAC	CCAACTGCCACC	-
28-ACACTTCACCTCC	ZN143_HUMAN.H11MO.0.A	0	0.000359761	0.276656	0.288268	13	ACACTTCACCTCC	GAACTACAATTCCCAGAATGCC	-
28-ACACTTCACCTCC	THA11_HUMAN.H11MO.0.B	0	0.000381067	0.293041	0.288268	13	ACACTTCACCTCC	GAACTACAACTCCCAGCATGCC	-
28-ACACTTCACCTCC	ZN140_HUMAN.H11MO.0.C	9	0.000934842	0.718894	0.454497	13	ACACTTCACCTCC	TATGACCCAGCAATTCCGCTCCTA	+
28-ACACTTCACCTCC	ATF6A_HUMAN.H11MO.0.B	0	0.00120161	0.924041	0.454497	12	ACACTTCACCTCC	CCACGTCACCAC	-
32-AGAGGTTCTGCAAGC	HSF1_HUMAN.H11MO.1.A	-5	0.000514251	0.395459	0.475746	9	AGAGGTTCTGCAAGC	TTCTGGAAA	+
32-AGAGGTTCTGCAAGC	CEBPD_HUMAN.H11MO.0.C	-3	0.000635545	0.488734	0.475746	11	AGAGGTTCTGCAAGC	GGTTGTGCAAT	-
32-AGAGGTTCTGCAAGC	DBP_HUMAN.H11MO.0.B	-4	0.00109679	0.843432	0.475746	11	AGAGGTTCTGCAAGC	GTTATGTAACA	+
32-AGAGGTTCTGCAAGC	CEBPA_HUMAN.H11MO.0.A	-3	0.00123731	0.951492	0.475746	12	AGAGGTTCTGCAAGC	GGTTGTGCAATC	+
33-AGCTCAGGCAG	ZN335_HUMAN.H11MO.1.A	-3	0.000119005	0.0915146	0.181786	7	AGCTCAGGCAG	TCAGGCA	-
33-AGCTCAGGCAG	MAFK_HUMAN.H11MO.1.A	0	0.000533568	0.410314	0.407526	11	AGCTCAGGCAG	TGCTGAGTCAGCA	+
34-AGGAGGAGCCATGGG	ZN263_HUMAN.H11MO.0.A	0	0.000290809	0.223632	0.308823	15	AGGAGGAGCCATGGG	GGGAGGAGGGAGAGGAGGAG	+
34-AGGAGGAGCCATGGG	ZN341_HUMAN.H11MO.1.C	-1	0.000474172	0.364638	0.308823	9	AGGAGGAGCCATGGG	GGAACAGCC	+
34-AGGAGGAGCCATGGG	KLF15_HUMAN.H11MO.0.A	1	0.000607318	0.467027	0.308823	15	AGGAGGAGCCATGGG	GGGGAGGAGCAGGGGGGGG	+
38-CAGAACCCTGG	REST_HUMAN.H11MO.0.A	2	2.62847e-05	0.020213	0.0404259	11	CAGAACCCTGG	TTCAGCACCATGGACAGCGCCC	+
39-CCAGGCGCCGGCC	SP1_HUMAN.H11MO.0.A	6	5.31266e-05	0.0408544	0.0813719	13	CCAGGCGCCGGCC	CCCCCCCCCGGCCCCGCCCCCC	-
41-CCCCCGCCCCCGGCG	SP1_HUMAN.H11MO.1.A	2	4.99534e-06	0.00384142	0.00328011	12	CCCCCGCCCCCGGCG	CGGCCCCGCCCCCC	-
41-CCCCCGCCCCCGGCG	ZN281_HUMAN.H11MO.0.A	0	6.28977e-06	0.00483683	0.00328011	15	CCCCCGCCCCCGGCG	TCCCCTCCCCCACCC	-
41-CCCCCGCCCCCGGCG	SP2_HUMAN.H11MO.0.A	6	6.6047e-06	0.00507901	0.00328011	15	CCCCCGCCCCCGGCG	CCCCCGGCCCCGCCCCCCCCCC	-
41-CCCCCGCCCCCGGCG	SP3_HUMAN.H11MO.0.B	5	1.03377e-05	0.00794972	0.00345863	15	CCCCCGCCCCCGGCG	CCCCGGCCCCGCCCCCCCCC	-
41-CCCCCGCCCCCGGCG	SP2_HUMAN.H11MO.1.B	0	1.16069e-05	0.00892572	0.00345863	12	CCCCCGCCCCCGGCG	GCCCCGCCCCCT	-
41-CCCCCGCCCCCGGCG	KLF12_HUMAN.H11MO.0.C	0	1.6772e-05	0.0128977	0.0038358	11	CCCCCGCCCCCGGCG	GCCCCGCCCCT	-
41-CCCCCGCCCCCGGCG	MAZ_HUMAN.H11MO.1.A	0	1.80696e-05	0.0138955	0.0038358	11	CCCCCGCCCCCGGCG	CCCCCTCCCTC	-
41-CCCCCGCCCCCGGCG	ZN148_HUMAN.H11MO.0.D	-1	2.05963e-05	0.0158386	0.0038358	14	CCCCCGCCCCCGGCG	CCCCTCCCCCACCCC	-
41-CCCCCGCCCCCGGCG	EGR4_HUMAN.H11MO.0.D	0	4.31398e-05	0.0331745	0.00714155	11	CCCCCGCCCCCGGCG	GCCCTGCCGCC	-
41-CCCCCGCCCCCGGCG	SP4_HUMAN.H11MO.1.A	2	5.5491e-05	0.0426726	0.00818522	14	CCCCCGCCCCCGGCG	CGGCCCCGCCCCCTCC	-
41-CCCCCGCCCCCGGCG	SP4_HUMAN.H11MO.0.A	4	6.04319e-05	0.0464722	0.00818522	15	CCCCCGCCCCCGGCG	CCCGGCCCCGCCCCCTTCCC	-
41-CCCCCGCCCCCGGCG	SP1_HUMAN.H11MO.0.A	10	6.91893e-05	0.0532066	0.00859042	12	CCCCCGCCCCCGGCG	CCCCCCCCCGGCCCCGCCCCCC	-
41-CCCCCGCCCCCGGCG	EGR1_HUMAN.H11MO.0.A	0	0.000122086	0.093884	0.013992	15	CCCCCGCCCCCGGCG	CCCCCGCCCACGCCCTC	-
41-CCCCCGCCCCCGGCG	KLF9_HUMAN.H11MO.0.C	1	0.000132938	0.102229	0.0141474	14	CCCCCGCCCCCGGCG	GGCCACGCCCCCTCC	-
41-CCCCCGCCCCCGGCG	KLF16_HUMAN.H11MO.0.D	2	0.000161745	0.124382	0.0160656	15	CCCCCGCCCCCGGCG	CCCCCCCCCCCCCGCCCCC	-
41-CCCCCGCCCCCGGCG	EGR2_HUMAN.H11MO.1.A	0	0.000180754	0.138999	0.0168315	15	CCCCCGCCCCCGGCG	CCCCCGCCCACGCCCC	-
41-CCCCCGCCCCCGGCG	AP2D_HUMAN.H11MO.0.D	-1	0.000211448	0.162604	0.0185316	14	CCCCCGCCCCCGGCG	ACGCGCCTCGGGCG	-
41-CCCCCGCCCCCGGCG	KLF3_HUMAN.H11MO.0.B	4	0.000237405	0.182564	0.0196505	15	CCCCCGCCCCCGGCG	CCCGGCCCCGCCCCTCCCC	-
41-CCCCCGCCCCCGGCG	KLF14_HUMAN.H11MO.0.D	0	0.000272111	0.209254	0.0208461	13	CCCCCGCCCCCGGCG	GCCACGCCCCCCT	-
41-CCCCCGCCCCCGGCG	WT1_HUMAN.H11MO.0.C	5	0.000290876	0.223684	0.0208461	15	CCCCCGCCCCCGGCG	CCCCCCCTCCTCCCCCGCCC	-
41-CCCCCGCCCCCGGCG	ZSC22_HUMAN.H11MO.0.C	0	0.000293824	0.225951	0.0208461	15	CCCCCGCCCCCGGCG	CCTCCTCCCTCAGACC	-
41-CCCCCGCCCCCGGCG	TBX15_HUMAN.H11MO.0.D	0	0.000310839	0.239035	0.0210508	15	CCCCCGCCCCCGGCG	CCCCCACCCCCCCCCCCCC	-
41-CCCCCGCCCCCGGCG	ZN219_HUMAN.H11MO.0.D	-2	0.000463121	0.35614	0.0300001	12	CCCCCGCCCCCGGCG	TCCGCCCCCCTC	-
41-CCCCCGCCCCCGGCG	PATZ1_HUMAN.H11MO.0.C	6	0.000484656	0.3727	0.030087	15	CCCCCGCCCCCGGCG	CCTCCCCCCCCGCCCCCTCCCC	-
41-CCCCCGCCCCCGGCG	E2F4_HUMAN.H11MO.0.A	2	0.000566575	0.435696	0.0334957	11	CCCCCGCCCCCGGCG	ATTTCCCGCCCCC	-
41-CCCCCGCCCCCGGCG	ZBT17_HUMAN.H11MO.0.A	2	0.000584528	0.449502	0.0334957	15	CCCCCGCCCCCGGCG	CTTCCCCTCCCCCACCCTC	-
41-CCCCCGCCCCCGGCG	KLF15_HUMAN.H11MO.0.A	3	0.000795227	0.61153	0.0438818	15	CCCCCGCCCCCGGCG	CCCCCCCCTGCTCCTCCCC	-
41-CCCCCGCCCCCGGCG	EGR2_HUMAN.H11MO.0.A	-1	0.000866302	0.666186	0.0460965	14	CCCCCGCCCCCGGCG	CCCCTCCCACACCCCCCC	-
41-CCCCCGCCCCCGGCG	ZN770_HUMAN.H11MO.0.C	3	0.000904164	0.695302	0.0464522	15	CCCCCGCCCCCGGCG	GATCCTCCCGCCTCAGCCTCCC	-
41-CCCCCGCCCCCGGCG	KLF4_HUMAN.H11MO.0.A	0	0.000987076	0.759062	0.0490215	10	CCCCCGCCCCCGGCG	GCCACACCCT	-
41-CCCCCGCCCCCGGCG	MAZ_HUMAN.H11MO.0.A	5	0.00128806	0.990518	0.0619058	15	CCCCCGCCCCCGGCG	CCCCCCCCCCCCCCCCTCCCCC	-
41-CCCCCGCCCCCGGCG	TFDP1_HUMAN.H11MO.0.C	2	0.00136933	1.05302	0.0637552	12	CCCCCGCCCCCGGCG	TTTTCCCGCCCCCC	-
41-CCCCCGCCCCCGGCG	KLF6_HUMAN.H11MO.0.A	6	0.00152208	1.17048	0.0667052	13	CCCCCGCCCCCGGCG	CCCCCGGCCCCGCCCTTCC	-
41-CCCCCGCCCCCGGCG	KLF13_HUMAN.H11MO.0.D	-2	0.00152223	1.1706	0.0667052	11	CCCCCGCCCCCGGCG	CACGCCCCCCT	-
41-CCCCCGCCCCCGGCG	PATZ1_HUMAN.H11MO.1.C	-1	0.00159315	1.22513	0.0678179	9	CCCCCGCCCCCGGCG	CCCCTCCCT	-
41-CCCCCGCCCCCGGCG	SALL4_HUMAN.H11MO.0.B	-2	0.00181618	1.39664	0.0751644	10	CCCCCGCCCCCGGCG	CCCACCCTCC	-
41-CCCCCGCCCCCGGCG	KLF8_HUMAN.H11MO.0.C	-4	0.00205431	1.57976	0.082698	9	CCCCCGCCCCCGGCG	CACCCCCTG	-
41-CCCCCGCCCCCGGCG	VEZF1_HUMAN.H11MO.0.C	5	0.00210922	1.62199	0.082698	15	CCCCCGCCCCCGGCG	CCCCTCCCCCTCCCCCCTCCCC	-
41-CCCCCGCCCCCGGCG	TBX1_HUMAN.H11MO.0.D	7	0.00223304	1.7172	0.0853076	13	CCCCCGCCCCCGGCG	CCGCCCACCCCTGCCCACCC	-
41-CCCCCGCCCCCGGCG	ZN740_HUMAN.H11MO.0.D	0	0.00237105	1.82334	0.0883155	14	CCCCCGCCCCCGGCG	CCCACCCCCCCCCC	-
41-CCCCCGCCCCCGGCG	E2F1_HUMAN.H11MO.0.A	2	0.0024902	1.91497	0.0901426	12	CCCCCGCCCCCGGCG	CTTTCCCGCCCCCC	-
41-CCCCCGCCCCCGGCG	CTCFL_HUMAN.H11MO.0.A	-1	0.0025411	1.95411	0.0901426	14	CCCCCGCCCCCGGCG	CGGCGCCCCCTGGCGGC	-
41-CCCCCGCCCCCGGCG	KLF1_HUMAN.H11MO.0.A	4	0.00274559	2.11136	0.0951314	10	CCCCCGCCCCCGGCG	CCCGGCCCCGCCCC	-
41-CCCCCGCCCCCGGCG	ZN320_HUMAN.H11MO.0.C	0	0.00283489	2.18003	0.0959931	15	CCCCCGCCCCCGGCG	CACTGGCCCCCTGGTCCCAC	-
41-CCCCCGCCCCCGGCG	TAF1_HUMAN.H11MO.0.A	0	0.00308521	2.37253	0.102148	15	CCCCCGCCCCCGGCG	CCGCCGCCGCCATCTT	-
41-CCCCCGCCCCCGGCG	VEZF1_HUMAN.H11MO.1.C	0	0.00318962	2.45282	0.103309	12	CCCCCGCCCCCGGCG	CCCCCTCCCCCT	-
41-CCCCCGCCCCCGGCG	E2F7_HUMAN.H11MO.0.B	3	0.00336993	2.59148	0.106827	10	CCCCCGCCCCCGGCG	CCTTTCCCGCCCC	-
41-CCCCCGCCCCCGGCG	AP2B_HUMAN.H11MO.0.B	-5	0.00345103	2.65384	0.107118	10	CCCCCGCCCCCGGCG	GCCCCCGGGC	-
41-CCCCCGCCCCCGGCG	GLIS2_HUMAN.H11MO.0.D	-1	0.00366717	2.82005	0.111504	14	CCCCCGCCCCCGGCG	GACCCCCCGCGAAG	-
41-CCCCCGCCCCCGGCG	PLAL1_HUMAN.H11MO.0.D	-3	0.00432734	3.32773	0.128946	10	CCCCCGCCCCCGGCG	GGGCCCCCCG	-
41-CCCCCGCCCCCGGCG	ZIC4_HUMAN.H11MO.0.D	-1	0.0046567	3.581	0.136039	14	CCCCCGCCCCCGGCG	GACCCCCCGCTGTGC	-
41-CCCCCGCCCCCGGCG	PURA_HUMAN.H11MO.0.D	-1	0.00486474	3.74099	0.139384	14	CCCCCGCCCCCGGCG	CCCTGCCCCCCCCTTCC	-
41-CCCCCGCCCCCGGCG	WT1_HUMAN.H11MO.1.B	0	0.00509149	3.91535	0.140478	11	CCCCCGCCCCCGGCG	CCTCCTCCCAC	-
41-CCCCCGCCCCCGGCG	ZN770_HUMAN.H11MO.1.C	-1	0.00509149	3.91535	0.140478	11	CCCCCGCCCCCGGCG	CTCAGCCTCCC	-
41-CCCCCGCCCCCGGCG	E2F6_HUMAN.H11MO.0.A	3	0.00523655	4.02691	0.141853	10	CCCCCGCCCCCGGCG	CCCTTCCCGCCCC	-
41-CCCCCGCCCCCGGCG	ZIC1_HUMAN.H11MO.0.B	-1	0.00576425	4.43271	0.15336	9	CCCCCGCCCCCGGCG	GACCACCCC	-
41-CCCCCGCCCCCGGCG	GLIS3_HUMAN.H11MO.0.D	3	0.00710594	5.46447	0.181606	7	CCCCCGCCCCCGGCG	TACCCCCCAC	-
41-CCCCCGCCCCCGGCG	CENPB_HUMAN.H11MO.0.D	0	0.00728409	5.60146	0.181606	15	CCCCCGCCCCCGGCG	AACCCGCATCGTACGAA	-
41-CCCCCGCCCCCGGCG	GLIS1_HUMAN.H11MO.0.D	0	0.00731347	5.62406	0.181606	13	CCCCCGCCCCCGGCG	AGACCCCCCACGA	-
41-CCCCCGCCCCCGGCG	KLF5_HUMAN.H11MO.0.A	4	0.00969846	7.45812	0.234741	10	CCCCCGCCCCCGGCG	CCCAGCCCCACCCT	-
41-CCCCCGCCCCCGGCG	ZN263_HUMAN.H11MO.1.A	0	0.00992598	7.63308	0.234741	11	CCCCCGCCCCCGGCG	CCTCCTCCCTC	-
41-CCCCCGCCCCCGGCG	E2F3_HUMAN.H11MO.0.A	1	0.00992598	7.63308	0.234741	10	CCCCCGCCCCCGGCG	TTTCCCGCCCT	-
41-CCCCCGCCCCCGGCG	MECP2_HUMAN.H11MO.0.C	-7	0.0103504	7.95947	0.240954	7	CCCCCGCCCCCGGCG	CTCCGGG	-
41-CCCCCGCCCCCGGCG	ZBT7A_HUMAN.H11MO.0.A	-3	0.0120357	9.25547	0.27227	9	CCCCCGCCCCCGGCG	GAGACCCCC	-
41-CCCCCGCCCCCGGCG	ZFX_HUMAN.H11MO.1.A	0	0.0122703	9.43586	0.27227	15	CCCCCGCCCCCGGCG	CCCCGGCCTCCGCCCCC	-
41-CCCCCGCCCCCGGCG	ZN341_HUMAN.H11MO.0.C	6	0.0126093	9.69657	0.27227	15	CCCCCGCCCCCGGCG	GCTCTTCCCTCCCCCCCCCCCC	-
41-CCCCCGCCCCCGGCG	ZN467_HUMAN.H11MO.0.C	6	0.0126093	9.69657	0.27227	15	CCCCCGCCCCCGGCG	CCCCCCCCCCCCTCCCCTCCCC	-
41-CCCCCGCCCCCGGCG	ZF64A_HUMAN.H11MO.0.D	-1	0.0129035	9.92282	0.274642	14	CCCCCGCCCCCGGCG	CAGGTTCCCGGGCCCC	-
41-CCCCCGCCCCCGGCG	MBD2_HUMAN.H11MO.0.B	0	0.0147276	11.3256	0.309052	11	CCCCCGCCCCCGGCG	CCTCCGGCCCC	-
41-CCCCCGCCCCCGGCG	ARNT2_HUMAN.H11MO.0.D	-2	0.0153542	11.8074	0.317726	12	CCCCCGCCCCCGGCG	GCCTCCCACGCC	-
41-CCCCCGCCCCCGGCG	COT1_HUMAN.H11MO.1.C	-1	0.0166697	12.819	0.340221	13	CCCCCGCCCCCGGCG	CCCTGACCTCTGC	-
41-CCCCCGCCCCCGGCG	INSM1_HUMAN.H11MO.0.C	-4	0.0176299	13.5574	0.354956	11	CCCCCGCCCCCGGCG	TGCCCCCTGACA	-
41-CCCCCGCCCCCGGCG	AP2C_HUMAN.H11MO.0.A	-3	0.0179118	13.7742	0.355824	12	CCCCCGCCCCCGGCG	TGGCCTCAGGGCAT	-
41-CCCCCGCCCCCGGCG	ELK4_HUMAN.H11MO.0.A	-3	0.0184547	14.1917	0.361785	12	CCCCCGCCCCCGGCG	CCACTTCCGGTC	-
41-CCCCCGCCCCCGGCG	SRBP2_HUMAN.H11MO.0.B	-1	0.019881	15.2885	0.383014	13	CCCCCGCCCCCGGCG	CCTCACCCCACCC	-
41-CCCCCGCCCCCGGCG	CTCF_HUMAN.H11MO.0.A	-1	0.0244075	18.7694	0.45462	14	CCCCCGCCCCCGGCG	TGGCGCCCCCTGGTGGCCA	-
41-CCCCCGCCCCCGGCG	NR0B1_HUMAN.H11MO.0.D	-3	0.0244108	18.7719	0.45462	10	CCCCCGCCCCCGGCG	TCTCCCACGC	-
41-CCCCCGCCCCCGGCG	ZN524_HUMAN.H11MO.0.D	7	0.0259267	19.9376	0.472463	11	CCCCCGCCCCCGGCG	ACTCGAACCCTCGAACCC	-
41-CCCCCGCCCCCGGCG	XBP1_HUMAN.H11MO.0.D	0	0.0260031	19.9964	0.472463	11	CCCCCGCCCCCGGCG	GCCACGTCAGC	-
43-CCCGCCCCACGCGCT	SP2_HUMAN.H11MO.0.A	8	5.65456e-05	0.0434835	0.0637604	14	CCCGCCCCACGCGCT	CCCCCGGCCCCGCCCCCCCCCC	-
43-CCCGCCCCACGCGCT	KLF16_HUMAN.H11MO.0.D	1	0.000261198	0.200861	0.0637604	15	CCCGCCCCACGCGCT	CCCCCCCCCCCCCGCCCCC	-
43-CCCGCCCCACGCGCT	SP1_HUMAN.H11MO.1.A	4	0.000263998	0.203014	0.0637604	10	CCCGCCCCACGCGCT	CGGCCCCGCCCCCC	-
43-CCCGCCCCACGCGCT	KLF12_HUMAN.H11MO.0.C	2	0.00028183	0.216727	0.0637604	9	CCCGCCCCACGCGCT	GCCCCGCCCCT	-
43-CCCGCCCCACGCGCT	TBX15_HUMAN.H11MO.0.D	2	0.000360774	0.277435	0.0637604	15	CCCGCCCCACGCGCT	CCCCCACCCCCCCCCCCCC	-
43-CCCGCCCCACGCGCT	KLF5_HUMAN.H11MO.0.A	1	0.000367675	0.282742	0.0637604	13	CCCGCCCCACGCGCT	CCCAGCCCCACCCT	-
43-CCCGCCCCACGCGCT	EGR1_HUMAN.H11MO.0.A	1	0.000442505	0.340286	0.0637604	15	CCCGCCCCACGCGCT	CCCCCGCCCACGCCCTC	-
43-CCCGCCCCACGCGCT	ZN219_HUMAN.H11MO.0.D	0	0.000464551	0.35724	0.0637604	12	CCCGCCCCACGCGCT	TCCGCCCCCCTC	-
43-CCCGCCCCACGCGCT	SP4_HUMAN.H11MO.0.A	6	0.000516426	0.397131	0.0637604	14	CCCGCCCCACGCGCT	CCCGGCCCCGCCCCCTTCCC	-
43-CCCGCCCCACGCGCT	SP3_HUMAN.H11MO.0.B	7	0.000516426	0.397131	0.0637604	13	CCCGCCCCACGCGCT	CCCCGGCCCCGCCCCCCCCC	-
43-CCCGCCCCACGCGCT	MXI1_HUMAN.H11MO.1.A	-5	0.000526923	0.405204	0.0637604	10	CCCGCCCCACGCGCT	CCCACGTGCTC	+
43-CCCGCCCCACGCGCT	EGR2_HUMAN.H11MO.1.A	1	0.000548957	0.422148	0.0637604	15	CCCGCCCCACGCGCT	CCCCCGCCCACGCCCC	-
43-CCCGCCCCACGCGCT	SP2_HUMAN.H11MO.1.B	2	0.000553527	0.425662	0.0637604	10	CCCGCCCCACGCGCT	GCCCCGCCCCCT	-
43-CCCGCCCCACGCGCT	SP1_HUMAN.H11MO.0.A	7	0.000768066	0.590643	0.0772114	15	CCCGCCCCACGCGCT	CCCCCCCCCGGCCCCGCCCCCC	-
43-CCCGCCCCACGCGCT	ZN148_HUMAN.H11MO.0.D	0	0.000773422	0.594762	0.0772114	15	CCCGCCCCACGCGCT	CCCCTCCCCCACCCC	-
43-CCCGCCCCACGCGCT	SP4_HUMAN.H11MO.1.A	4	0.00123583	0.950355	0.114319	12	CCCGCCCCACGCGCT	CGGCCCCGCCCCCTCC	-
43-CCCGCCCCACGCGCT	EGR2_HUMAN.H11MO.0.A	0	0.00135218	1.03983	0.114319	15	CCCGCCCCACGCGCT	CCCCTCCCACACCCCCCC	-
43-CCCGCCCCACGCGCT	MXI1_HUMAN.H11MO.0.A	1	0.00141599	1.08889	0.114319	14	CCCGCCCCACGCGCT	CCCGCCGCCACGTGC	-
43-CCCGCCCCACGCGCT	AP2D_HUMAN.H11MO.0.D	1	0.0015227	1.17095	0.114319	13	CCCGCCCCACGCGCT	ACGCGCCTCGGGCG	-
43-CCCGCCCCACGCGCT	MAX_HUMAN.H11MO.0.A	-6	0.00152684	1.17414	0.114319	9	CCCGCCCCACGCGCT	CCACGTGCTC	-
43-CCCGCCCCACGCGCT	SALL4_HUMAN.H11MO.0.B	0	0.00162226	1.24752	0.11568	10	CCCGCCCCACGCGCT	CCCACCCTCC	-
43-CCCGCCCCACGCGCT	KLF3_HUMAN.H11MO.0.B	6	0.00175687	1.35104	0.119584	13	CCCGCCCCACGCGCT	CCCGGCCCCGCCCCTCCCC	-
43-CCCGCCCCACGCGCT	GLIS1_HUMAN.H11MO.0.D	1	0.0020497	1.57622	0.123217	12	CCCGCCCCACGCGCT	AGACCCCCCACGA	-
43-CCCGCCCCACGCGCT	SRBP2_HUMAN.H11MO.0.B	1	0.0020497	1.57622	0.123217	12	CCCGCCCCACGCGCT	CCTCACCCCACCC	-
43-CCCGCCCCACGCGCT	TFDP1_HUMAN.H11MO.0.C	4	0.00205709	1.58191	0.123217	10	CCCGCCCCACGCGCT	TTTTCCCGCCCCCC	-
43-CCCGCCCCACGCGCT	KLF1_HUMAN.H11MO.0.A	1	0.00238621	1.83499	0.133674	13	CCCGCCCCACGCGCT	CCCGGCCCCGCCCC	-
43-CCCGCCCCACGCGCT	MYC_HUMAN.H11MO.0.A	-5	0.0024102	1.85345	0.133674	10	CCCGCCCCACGCGCT	GCCACGTGCTC	+
43-CCCGCCCCACGCGCT	TBX1_HUMAN.H11MO.0.D	8	0.00269854	2.07518	0.14432	12	CCCGCCCCACGCGCT	CCGCCCACCCCTGCCCACCC	-
43-CCCGCCCCACGCGCT	E2F1_HUMAN.H11MO.0.A	4	0.00304688	2.34305	0.157331	10	CCCGCCCCACGCGCT	CTTTCCCGCCCCCC	-
43-CCCGCCCCACGCGCT	KLF6_HUMAN.H11MO.0.A	1	0.00327466	2.51821	0.163241	15	CCCGCCCCACGCGCT	CCCCCGGCCCCGCCCTTCC	-
43-CCCGCCCCACGCGCT	ZN281_HUMAN.H11MO.0.A	2	0.00337936	2.59873	0.163241	13	CCCGCCCCACGCGCT	TCCCCTCCCCCACCC	-
43-CCCGCCCCACGCGCT	E2F4_HUMAN.H11MO.0.A	4	0.00357363	2.74813	0.167231	9	CCCGCCCCACGCGCT	ATTTCCCGCCCCC	-
43-CCCGCCCCACGCGCT	WT1_HUMAN.H11MO.0.C	2	0.00393532	3.02626	0.173855	15	CCCGCCCCACGCGCT	CCCCCCCTCCTCCCCCGCCC	-
43-CCCGCCCCACGCGCT	ZBT17_HUMAN.H11MO.0.A	3	0.00394739	3.03554	0.173855	15	CCCGCCCCACGCGCT	CTTCCCCTCCCCCACCCTC	-
43-CCCGCCCCACGCGCT	NR0B1_HUMAN.H11MO.0.D	-2	0.00413617	3.18072	0.176965	10	CCCGCCCCACGCGCT	TCTCCCACGC	-
43-CCCGCCCCACGCGCT	BHE40_HUMAN.H11MO.0.A	-5	0.00437633	3.3654	0.182039	10	CCCGCCCCACGCGCT	GTCACGTGCC	-
43-CCCGCCCCACGCGCT	E2F7_HUMAN.H11MO.0.B	5	0.00480008	3.69126	0.183607	8	CCCGCCCCACGCGCT	CCTTTCCCGCCCC	-
43-CCCGCCCCACGCGCT	ARNT2_HUMAN.H11MO.0.D	-1	0.00485663	3.73475	0.183607	12	CCCGCCCCACGCGCT	GCCTCCCACGCC	-
43-CCCGCCCCACGCGCT	KLF4_HUMAN.H11MO.0.A	-3	0.00489591	3.76495	0.183607	10	CCCGCCCCACGCGCT	GCCACACCCT	-
43-CCCGCCCCACGCGCT	KLF9_HUMAN.H11MO.0.C	3	0.00490449	3.77155	0.183607	12	CCCGCCCCACGCGCT	GGCCACGCCCCCTCC	-
43-CCCGCCCCACGCGCT	E2F6_HUMAN.H11MO.0.A	5	0.00528947	4.0676	0.19319	8	CCCGCCCCACGCGCT	CCCTTCCCGCCCC	-
43-CCCGCCCCACGCGCT	GLIS3_HUMAN.H11MO.0.D	-2	0.0057833	4.44736	0.206197	10	CCCGCCCCACGCGCT	TACCCCCCAC	-
43-CCCGCCCCACGCGCT	MAZ_HUMAN.H11MO.1.A	2	0.00668916	5.14396	0.222111	9	CCCGCCCCACGCGCT	CCCCCTCCCTC	-
43-CCCGCCCCACGCGCT	E2F3_HUMAN.H11MO.0.A	3	0.00668916	5.14396	0.222111	8	CCCGCCCCACGCGCT	TTTCCCGCCCT	-
43-CCCGCCCCACGCGCT	GLIS2_HUMAN.H11MO.0.D	-2	0.00680727	5.23479	0.222111	13	CCCGCCCCACGCGCT	GACCCCCCGCGAAG	-
43-CCCGCCCCACGCGCT	KLF15_HUMAN.H11MO.0.A	-1	0.00682296	5.24686	0.222111	14	CCCGCCCCACGCGCT	CCCCCCCCTGCTCCTCCCC	-
43-CCCGCCCCACGCGCT	AP2B_HUMAN.H11MO.0.B	-4	0.0075996	5.84409	0.237086	10	CCCGCCCCACGCGCT	GCCCCCGGGC	-
43-CCCGCCCCACGCGCT	PLAL1_HUMAN.H11MO.0.D	-1	0.0075996	5.84409	0.237086	10	CCCGCCCCACGCGCT	GGGCCCCCCG	-
43-CCCGCCCCACGCGCT	HEY2_HUMAN.H11MO.0.D	-1	0.00799352	6.14701	0.244285	14	CCCGCCCCACGCGCT	TAATGCCACGTGCCCCC	-
43-CCCGCCCCACGCGCT	ZN740_HUMAN.H11MO.0.D	0	0.0081752	6.28673	0.244841	14	CCCGCCCCACGCGCT	CCCACCCCCCCCCC	-
43-CCCGCCCCACGCGCT	MYCN_HUMAN.H11MO.0.A	-4	0.00880452	6.77068	0.256902	11	CCCGCCCCACGCGCT	GCCCACGTGGCC	-
43-CCCGCCCCACGCGCT	HES1_HUMAN.H11MO.0.D	-3	0.00892103	6.86027	0.256902	12	CCCGCCCCACGCGCT	CCGCCACGAGCCC	+
43-CCCGCCCCACGCGCT	NRF1_HUMAN.H11MO.0.A	0	0.00911951	7.01291	0.257663	15	CCCGCCCCACGCGCT	CACTGCGCATGCGCAGG	+
43-CCCGCCCCACGCGCT	AP2C_HUMAN.H11MO.0.A	-1	0.00936461	7.20139	0.259688	14	CCCGCCCCACGCGCT	TGGCCTCAGGGCAT	-
43-CCCGCCCCACGCGCT	MAZ_HUMAN.H11MO.0.A	2	0.0101692	7.82012	0.272013	15	CCCGCCCCACGCGCT	CCCCCCCCCCCCCCCCTCCCCC	-
43-CCCGCCCCACGCGCT	AHR_HUMAN.H11MO.0.B	-6	0.010354	7.96223	0.272013	9	CCCGCCCCACGCGCT	GCACGCAAC	-
43-CCCGCCCCACGCGCT	ZIC1_HUMAN.H11MO.0.B	1	0.010354	7.96223	0.272013	8	CCCGCCCCACGCGCT	GACCACCCC	-
43-CCCGCCCCACGCGCT	ZBT14_HUMAN.H11MO.0.C	-8	0.0109478	8.41888	0.282654	7	CCCGCCCCACGCGCT	GCGCGCTCC	-
43-CCCGCCCCACGCGCT	PATZ1_HUMAN.H11MO.0.C	8	0.0115959	8.91726	0.285643	14	CCCGCCCCACGCGCT	CCTCCCCCCCCGCCCCCTCCCC	-
43-CCCGCCCCACGCGCT	KLF13_HUMAN.H11MO.0.D	0	0.0116844	8.98533	0.285643	11	CCCGCCCCACGCGCT	CACGCCCCCCT	-
43-CCCGCCCCACGCGCT	KLF14_HUMAN.H11MO.0.D	2	0.0117693	9.05058	0.285643	11	CCCGCCCCACGCGCT	GCCACGCCCCCCT	-
43-CCCGCCCCACGCGCT	PURA_HUMAN.H11MO.0.D	0	0.0128831	9.90711	0.306222	15	CCCGCCCCACGCGCT	CCCTGCCCCCCCCTTCC	-
43-CCCGCCCCACGCGCT	ZN341_HUMAN.H11MO.0.C	6	0.0150201	11.5505	0.351439	15	CCCGCCCCACGCGCT	GCTCTTCCCTCCCCCCCCCCCC	-
43-CCCGCCCCACGCGCT	BHE41_HUMAN.H11MO.0.D	0	0.0156042	11.9996	0.355629	15	CCCGCCCCACGCGCT	ACCGGGTCACGTGCAGAGGC	+
43-CCCGCCCCACGCGCT	ZN335_HUMAN.H11MO.0.A	1	0.0156742	12.0535	0.355629	15	CCCGCCCCACGCGCT	GGCTGTCCTCGGCGCTGCCTGA	+
43-CCCGCCCCACGCGCT	KLF8_HUMAN.H11MO.0.C	-7	0.0160538	12.3454	0.358806	8	CCCGCCCCACGCGCT	CACCCCCTG	-
43-CCCGCCCCACGCGCT	VEZF1_HUMAN.H11MO.0.C	7	0.0163544	12.5765	0.360148	15	CCCGCCCCACGCGCT	CCCCTCCCCCTCCCCCCTCCCC	-
43-CCCGCCCCACGCGCT	AP2A_HUMAN.H11MO.0.A	0	0.0176023	13.5362	0.375355	15	CCCGCCCCACGCGCT	ATGGCCTCAGGGCAT	-
43-CCCGCCCCACGCGCT	RREB1_HUMAN.H11MO.0.D	2	0.0177969	13.6858	0.375355	15	CCCGCCCCACGCGCT	ACCCCAAACCACCCCCCCCCCC	-
43-CCCGCCCCACGCGCT	PATZ1_HUMAN.H11MO.1.C	1	0.0188402	14.4881	0.389898	8	CCCGCCCCACGCGCT	CCCCTCCCT	-
43-CCCGCCCCACGCGCT	EGR4_HUMAN.H11MO.0.D	2	0.0190072	14.6165	0.389898	9	CCCGCCCCACGCGCT	GCCCTGCCGCC	-
43-CCCGCCCCACGCGCT	ZN770_HUMAN.H11MO.0.C	6	0.020181	15.5192	0.402937	15	CCCGCCCCACGCGCT	GATCCTCCCGCCTCAGCCTCCC	-
43-CCCGCCCCACGCGCT	ZIC4_HUMAN.H11MO.0.D	-2	0.0208076	16.0011	0.409149	13	CCCGCCCCACGCGCT	GACCCCCCGCTGTGC	-
43-CCCGCCCCACGCGCT	ZN467_HUMAN.H11MO.0.C	3	0.0210386	16.1786	0.409149	15	CCCGCCCCACGCGCT	CCCCCCCCCCCCTCCCCTCCCC	-
45-CCTGTCTGGGCCA	ZN768_HUMAN.H11MO.0.C	6	2.77775e-05	0.0213609	0.0426574	13	CCTGTCTGGGCCA	ACTTAACCTCTCTGAGCCTC	-
45-CCTGTCTGGGCCA	P53_HUMAN.H11MO.0.A	3	0.000463968	0.356792	0.356253	13	CCTGTCTGGGCCA	GGGCATGTCTGGGCATGTCT	-
45-CCTGTCTGGGCCA	GLI1_HUMAN.H11MO.0.D	0	0.000914815	0.703493	0.393092	12	CCTGTCTGGGCCA	CCTGGGTGGTCT	+
45-CCTGTCTGGGCCA	SMAD1_HUMAN.H11MO.0.D	2	0.00102389	0.787373	0.393092	10	CCTGTCTGGGCCA	AGCCTGTCTGCC	+
47-CCTTCCCGCGACTCA	E2F1_HUMAN.H11MO.0.A	0	7.84944e-05	0.0603622	0.119535	14	CCTTCCCGCGACTCA	CTTTCCCGCCCCCC	-
47-CCTTCCCGCGACTCA	TFDP1_HUMAN.H11MO.0.C	0	0.000199924	0.153741	0.152226	14	CCTTCCCGCGACTCA	TTTTCCCGCCCCCC	-
47-CCTTCCCGCGACTCA	E2F3_HUMAN.H11MO.0.A	-1	0.000699424	0.537857	0.185012	11	CCTTCCCGCGACTCA	TTTCCCGCCCT	-
47-CCTTCCCGCGACTCA	KAISO_HUMAN.H11MO.2.A	0	0.000716429	0.550934	0.185012	12	CCTTCCCGCGACTCA	TCTTCCTGCGAG	-
47-CCTTCCCGCGACTCA	E2F4_HUMAN.H11MO.0.A	0	0.000762001	0.585979	0.185012	13	CCTTCCCGCGACTCA	ATTTCCCGCCCCC	-
47-CCTTCCCGCGACTCA	KAISO_HUMAN.H11MO.1.A	-2	0.000838508	0.644813	0.185012	11	CCTTCCCGCGACTCA	TTCTCGCGAGA	-
47-CCTTCCCGCGACTCA	E2F6_HUMAN.H11MO.0.A	1	0.000850438	0.653987	0.185012	12	CCTTCCCGCGACTCA	CCCTTCCCGCCCC	-
47-CCTTCCCGCGACTCA	E2F7_HUMAN.H11MO.0.B	1	0.00105706	0.812877	0.201217	12	CCTTCCCGCGACTCA	CCTTTCCCGCCCC	-
47-CCTTCCCGCGACTCA	TFE3_HUMAN.H11MO.0.B	-3	0.00151979	1.16872	0.251048	10	CCTTCCCGCGACTCA	TCACGTGACC	-
47-CCTTCCCGCGACTCA	ZN490_HUMAN.H11MO.0.C	9	0.00164855	1.26773	0.251048	15	CCTTCCCGCGACTCA	GATATGCTGCCTTCAAGAGACCCA	-
47-CCTTCCCGCGACTCA	FOS_HUMAN.H11MO.0.A	-7	0.00251444	1.9336	0.348099	8	CCTTCCCGCGACTCA	GTGACTCAC	-
47-CCTTCCCGCGACTCA	E2F8_HUMAN.H11MO.0.D	-1	0.00334151	2.56962	0.392063	12	CCTTCCCGCGACTCA	TTTCCCGCCAAA	-
47-CCTTCCCGCGACTCA	E2F4_HUMAN.H11MO.1.A	4	0.00397672	3.0581	0.392063	10	CCTTCCCGCGACTCA	TCAAATTTCCCGCC	-
47-CCTTCCCGCGACTCA	ZN281_HUMAN.H11MO.0.A	2	0.00417335	3.20931	0.392063	13	CCTTCCCGCGACTCA	TCCCCTCCCCCACCC	-
47-CCTTCCCGCGACTCA	ZN148_HUMAN.H11MO.0.D	1	0.00437308	3.3629	0.392063	14	CCTTCCCGCGACTCA	CCCCTCCCCCACCCC	-
47-CCTTCCCGCGACTCA	FOSB_HUMAN.H11MO.0.A	-7	0.00437323	3.36301	0.392063	8	CCTTCCCGCGACTCA	ATGACTCAT	-
47-CCTTCCCGCGACTCA	ZBT17_HUMAN.H11MO.0.A	4	0.00484733	3.7276	0.392063	15	CCTTCCCGCGACTCA	CTTCCCCTCCCCCACCCTC	-
47-CCTTCCCGCGACTCA	SUH_HUMAN.H11MO.0.A	-1	0.00486113	3.73821	0.392063	11	CCTTCCCGCGACTCA	TTTCCCACGCC	-
47-CCTTCCCGCGACTCA	STAT6_HUMAN.H11MO.0.B	-1	0.00512712	3.94276	0.392063	11	CCTTCCCGCGACTCA	TTTCCTGAGAA	-
47-CCTTCCCGCGACTCA	BACH1_HUMAN.H11MO.0.A	-5	0.00519893	3.99797	0.392063	10	CCTTCCCGCGACTCA	GCATGACTCAGCA	-
47-CCTTCCCGCGACTCA	PKNX1_HUMAN.H11MO.0.B	-4	0.00540654	4.15763	0.392063	11	CCTTCCCGCGACTCA	CCTGTCAATCA	-
47-CCTTCCCGCGACTCA	KAISO_HUMAN.H11MO.0.A	-2	0.00604256	4.64673	0.418267	13	CCTTCCCGCGACTCA	TTCTCGCGAGATTTG	-
47-CCTTCCCGCGACTCA	ETV1_HUMAN.H11MO.0.A	1	0.00633164	4.86903	0.419222	10	CCTTCCCGCGACTCA	CACTTCCGGCC	-
47-CCTTCCCGCGACTCA	ETV7_HUMAN.H11MO.0.D	-1	0.00672098	5.16843	0.426458	7	CCTTCCCGCGACTCA	CTTCCTG	-
47-CCTTCCCGCGACTCA	PBX3_HUMAN.H11MO.0.A	-4	0.00702747	5.40412	0.428069	11	CCTTCCCGCGACTCA	CCTGTCAATCA	-
47-CCTTCCCGCGACTCA	ZF64A_HUMAN.H11MO.0.D	2	0.00756438	5.81701	0.443052	14	CCTTCCCGCGACTCA	CAGGTTCCCGGGCCCC	-
48-CGCCCCTCCCTCCCC	MAZ_HUMAN.H11MO.1.A	-1	2.47959e-06	0.0019068	0.0014935	11	CGCCCCTCCCTCCCC	CCCCCTCCCTC	-
48-CGCCCCTCCCTCCCC	TBX1_HUMAN.H11MO.0.D	5	3.47526e-06	0.00267248	0.0014935	15	CGCCCCTCCCTCCCC	CCGCCCACCCCTGCCCACCC	-
48-CGCCCCTCCCTCCCC	PATZ1_HUMAN.H11MO.1.C	-2	3.97644e-06	0.00305788	0.0014935	9	CGCCCCTCCCTCCCC	CCCCTCCCT	-
48-CGCCCCTCCCTCCCC	TBX15_HUMAN.H11MO.0.D	4	4.40465e-06	0.00338718	0.0014935	15	CGCCCCTCCCTCCCC	CCCCCACCCCCCCCCCCCC	-
48-CGCCCCTCCCTCCCC	WT1_HUMAN.H11MO.0.C	4	5.53389e-06	0.00425556	0.0014935	15	CGCCCCTCCCTCCCC	CCCCCCCTCCTCCCCCGCCC	-
48-CGCCCCTCCCTCCCC	ZN281_HUMAN.H11MO.0.A	-1	6.02446e-06	0.00463281	0.0014935	14	CGCCCCTCCCTCCCC	TCCCCTCCCCCACCC	-
48-CGCCCCTCCCTCCCC	KLF16_HUMAN.H11MO.0.D	3	7.42952e-06	0.0057133	0.00157871	15	CGCCCCTCCCTCCCC	CCCCCCCCCCCCCGCCCCC	-
48-CGCCCCTCCCTCCCC	SP4_HUMAN.H11MO.1.A	1	8.73868e-06	0.00672004	0.00162478	15	CGCCCCTCCCTCCCC	CGGCCCCGCCCCCTCC	-
48-CGCCCCTCCCTCCCC	MAZ_HUMAN.H11MO.0.A	6	1.88008e-05	0.0144578	0.00297701	15	CGCCCCTCCCTCCCC	CCCCCCCCCCCCCCCCTCCCCC	-
48-CGCCCCTCCCTCCCC	ZN467_HUMAN.H11MO.0.C	7	2.00144e-05	0.0153911	0.00297701	15	CGCCCCTCCCTCCCC	CCCCCCCCCCCCTCCCCTCCCC	-
48-CGCCCCTCCCTCCCC	SP3_HUMAN.H11MO.0.B	4	2.38717e-05	0.0183573	0.00322797	15	CGCCCCTCCCTCCCC	CCCCGGCCCCGCCCCCCCCC	-
48-CGCCCCTCCCTCCCC	ZN148_HUMAN.H11MO.0.D	-2	3.64336e-05	0.0280175	0.00451606	13	CGCCCCTCCCTCCCC	CCCCTCCCCCACCCC	-
48-CGCCCCTCCCTCCCC	ZBT17_HUMAN.H11MO.0.A	1	3.97133e-05	0.0305395	0.00454392	15	CGCCCCTCCCTCCCC	CTTCCCCTCCCCCACCCTC	-
48-CGCCCCTCCCTCCCC	KLF3_HUMAN.H11MO.0.B	3	4.74628e-05	0.0364989	0.00504271	15	CGCCCCTCCCTCCCC	CCCGGCCCCGCCCCTCCCC	-
48-CGCCCCTCCCTCCCC	E2F6_HUMAN.H11MO.0.A	-2	5.17493e-05	0.0397952	0.00513159	13	CGCCCCTCCCTCCCC	CCCTTCCCGCCCC	-
48-CGCCCCTCCCTCCCC	ZN263_HUMAN.H11MO.0.A	3	7.87307e-05	0.0605439	0.00709325	15	CGCCCCTCCCTCCCC	CTCCTCCTCTCCCTCCTCCC	-
48-CGCCCCTCCCTCCCC	PATZ1_HUMAN.H11MO.0.C	1	9.01634e-05	0.0693356	0.00709325	15	CGCCCCTCCCTCCCC	CCTCCCCCCCCGCCCCCTCCCC	-
48-CGCCCCTCCCTCCCC	SP1_HUMAN.H11MO.1.A	1	9.23039e-05	0.0709817	0.00709325	13	CGCCCCTCCCTCCCC	CGGCCCCGCCCCCC	-
48-CGCCCCTCCCTCCCC	KLF15_HUMAN.H11MO.0.A	1	9.53754e-05	0.0733437	0.00709325	15	CGCCCCTCCCTCCCC	CCCCCCCCTGCTCCTCCCC	-
48-CGCCCCTCCCTCCCC	KLF6_HUMAN.H11MO.0.A	5	9.53754e-05	0.0733437	0.00709325	14	CGCCCCTCCCTCCCC	CCCCCGGCCCCGCCCTTCC	-
48-CGCCCCTCCCTCCCC	KLF9_HUMAN.H11MO.0.C	0	0.000109865	0.0844865	0.00778181	15	CGCCCCTCCCTCCCC	GGCCACGCCCCCTCC	-
48-CGCCCCTCCCTCCCC	KLF12_HUMAN.H11MO.0.C	-1	0.000115736	0.0890008	0.00782498	11	CGCCCCTCCCTCCCC	GCCCCGCCCCT	-
48-CGCCCCTCCCTCCCC	SP2_HUMAN.H11MO.1.B	-1	0.000141881	0.109106	0.00898213	12	CGCCCCTCCCTCCCC	GCCCCGCCCCCT	-
48-CGCCCCTCCCTCCCC	SALL4_HUMAN.H11MO.0.B	-3	0.000148744	0.114384	0.00898213	10	CGCCCCTCCCTCCCC	CCCACCCTCC	-
48-CGCCCCTCCCTCCCC	VEZF1_HUMAN.H11MO.0.C	0	0.000150967	0.116093	0.00898213	15	CGCCCCTCCCTCCCC	CCCCTCCCCCTCCCCCCTCCCC	-
48-CGCCCCTCCCTCCCC	KLF4_HUMAN.H11MO.0.A	-1	0.000183769	0.141318	0.010413	10	CGCCCCTCCCTCCCC	GCCACACCCT	-
48-CGCCCCTCCCTCCCC	SP2_HUMAN.H11MO.0.A	5	0.000189017	0.145354	0.010413	15	CGCCCCTCCCTCCCC	CCCCCGGCCCCGCCCCCCCCCC	-
48-CGCCCCTCCCTCCCC	VEZF1_HUMAN.H11MO.1.C	-1	0.000219378	0.168702	0.011654	12	CGCCCCTCCCTCCCC	CCCCCTCCCCCT	-
48-CGCCCCTCCCTCCCC	ZN770_HUMAN.H11MO.0.C	8	0.000263522	0.202648	0.0135163	14	CGCCCCTCCCTCCCC	GATCCTCCCGCCTCAGCCTCCC	-
48-CGCCCCTCCCTCCCC	EGR2_HUMAN.H11MO.0.A	-2	0.000286087	0.220001	0.0138723	13	CGCCCCTCCCTCCCC	CCCCTCCCACACCCCCCC	-
48-CGCCCCTCCCTCCCC	EGR2_HUMAN.H11MO.1.A	-1	0.000289116	0.22233	0.0138723	14	CGCCCCTCCCTCCCC	CCCCCGCCCACGCCCC	-
48-CGCCCCTCCCTCCCC	ZN341_HUMAN.H11MO.0.C	-1	0.000327821	0.252095	0.0152379	14	CGCCCCTCCCTCCCC	GCTCTTCCCTCCCCCCCCCCCC	-
48-CGCCCCTCCCTCCCC	WT1_HUMAN.H11MO.1.B	-1	0.00039859	0.306516	0.017966	11	CGCCCCTCCCTCCCC	CCTCCTCCCAC	-
48-CGCCCCTCCCTCCCC	EGR4_HUMAN.H11MO.0.D	-2	0.000511198	0.393111	0.0217795	11	CGCCCCTCCCTCCCC	GCCCTGCCGCC	-
48-CGCCCCTCCCTCCCC	FLI1_HUMAN.H11MO.0.A	1	0.000512481	0.394098	0.0217795	15	CGCCCCTCCCTCCCC	TCCCTCCTTCCTTCCTCC	-
48-CGCCCCTCCCTCCCC	ZN219_HUMAN.H11MO.0.D	-3	0.000538984	0.414479	0.0222696	12	CGCCCCTCCCTCCCC	TCCGCCCCCCTC	-
48-CGCCCCTCCCTCCCC	SP4_HUMAN.H11MO.0.A	3	0.000601838	0.462813	0.0241945	15	CGCCCCTCCCTCCCC	CCCGGCCCCGCCCCCTTCCC	-
48-CGCCCCTCCCTCCCC	SP1_HUMAN.H11MO.0.A	0	0.000655073	0.503751	0.0256416	15	CGCCCCTCCCTCCCC	CCCCCCCCCGGCCCCGCCCCCC	-
48-CGCCCCTCCCTCCCC	EGR1_HUMAN.H11MO.0.A	-1	0.000700857	0.538959	0.0267303	14	CGCCCCTCCCTCCCC	CCCCCGCCCACGCCCTC	-
48-CGCCCCTCCCTCCCC	KLF5_HUMAN.H11MO.0.A	3	0.000726983	0.55905	0.0270335	11	CGCCCCTCCCTCCCC	CCCAGCCCCACCCT	-
48-CGCCCCTCCCTCCCC	E2F7_HUMAN.H11MO.0.B	-2	0.000817631	0.628758	0.0290682	13	CGCCCCTCCCTCCCC	CCTTTCCCGCCCC	-
48-CGCCCCTCCCTCCCC	ZSC22_HUMAN.H11MO.0.C	-1	0.000820785	0.631184	0.0290682	14	CGCCCCTCCCTCCCC	CCTCCTCCCTCAGACC	-
48-CGCCCCTCCCTCCCC	ZN740_HUMAN.H11MO.0.D	-3	0.0016599	1.27646	0.0567348	12	CGCCCCTCCCTCCCC	CCCACCCCCCCCCC	-
48-CGCCCCTCCCTCCCC	ZN263_HUMAN.H11MO.1.A	-1	0.00167828	1.29059	0.0567348	11	CGCCCCTCCCTCCCC	CCTCCTCCCTC	-
48-CGCCCCTCCCTCCCC	ERG_HUMAN.H11MO.0.A	-2	0.00172353	1.32539	0.0569698	13	CGCCCCTCCCTCCCC	CCACTTCCTGCCC	-
48-CGCCCCTCCCTCCCC	ZN320_HUMAN.H11MO.0.C	4	0.00182685	1.40484	0.0590721	15	CGCCCCTCCCTCCCC	CACTGGCCCCCTGGTCCCAC	-
48-CGCCCCTCCCTCCCC	KLF1_HUMAN.H11MO.0.A	3	0.00192952	1.4838	0.0610647	11	CGCCCCTCCCTCCCC	CCCGGCCCCGCCCC	-
48-CGCCCCTCCCTCCCC	ZN770_HUMAN.H11MO.1.C	-3	0.0019907	1.53085	0.0616882	11	CGCCCCTCCCTCCCC	CTCAGCCTCCC	-
48-CGCCCCTCCCTCCCC	ETV5_HUMAN.H11MO.0.C	-1	0.0021316	1.6392	0.0647066	14	CGCCCCTCCCTCCCC	CTCACTTCCTGCTC	-
48-CGCCCCTCCCTCCCC	E2F4_HUMAN.H11MO.0.A	-3	0.00234884	1.80626	0.0686394	12	CGCCCCTCCCTCCCC	ATTTCCCGCCCCC	-
48-CGCCCCTCCCTCCCC	E2F1_HUMAN.H11MO.0.A	-3	0.00235345	1.8098	0.0686394	12	CGCCCCTCCCTCCCC	CTTTCCCGCCCCCC	-
48-CGCCCCTCCCTCCCC	TFDP1_HUMAN.H11MO.0.C	-3	0.00300665	2.31211	0.0860038	12	CGCCCCTCCCTCCCC	TTTTCCCGCCCCCC	-
48-CGCCCCTCCCTCCCC	PROX1_HUMAN.H11MO.0.D	2	0.00320017	2.46093	0.0898122	15	CGCCCCTCCCTCCCC	CCCAACCCGCCTTACCC	-
48-CGCCCCTCCCTCCCC	FLI1_HUMAN.H11MO.1.A	-2	0.00334548	2.57267	0.0921517	13	CGCCCCTCCCTCCCC	CCACTTCCTGCCT	-
48-CGCCCCTCCCTCCCC	ZN257_HUMAN.H11MO.0.C	-1	0.00350634	2.69638	0.094138	12	CGCCCCTCCCTCCCC	GCTCTTGCCTCT	+
48-CGCCCCTCCCTCCCC	ZIC1_HUMAN.H11MO.0.B	-6	0.00354417	2.72547	0.094138	9	CGCCCCTCCCTCCCC	GACCACCCC	-
48-CGCCCCTCCCTCCCC	KLF14_HUMAN.H11MO.0.D	-1	0.00388364	2.98652	0.101345	13	CGCCCCTCCCTCCCC	GCCACGCCCCCCT	-
48-CGCCCCTCCCTCCCC	PURA_HUMAN.H11MO.0.D	3	0.00463515	3.56443	0.118871	14	CGCCCCTCCCTCCCC	CCCTGCCCCCCCCTTCC	-
48-CGCCCCTCCCTCCCC	E2F3_HUMAN.H11MO.0.A	-4	0.00532756	4.0969	0.134312	11	CGCCCCTCCCTCCCC	TTTCCCGCCCT	-
48-CGCCCCTCCCTCCCC	ETS1_HUMAN.H11MO.0.A	-2	0.00631941	4.85962	0.156662	13	CGCCCCTCCCTCCCC	CCACTTCCTGTCT	-
48-CGCCCCTCCCTCCCC	HEN1_HUMAN.H11MO.0.C	5	0.00811866	6.24325	0.197967	15	CGCCCCTCCCTCCCC	AGGGACGCAGCTGCTCCCCA	-
48-CGCCCCTCCCTCCCC	NR0B1_HUMAN.H11MO.0.D	-4	0.00877829	6.75051	0.210599	10	CGCCCCTCCCTCCCC	TCTCCCACGC	-
48-CGCCCCTCCCTCCCC	ZN784_HUMAN.H11MO.0.D	-1	0.00940894	7.23548	0.222146	11	CGCCCCTCCCTCCCC	GTACCTACCTC	-
48-CGCCCCTCCCTCCCC	TAF1_HUMAN.H11MO.0.A	1	0.011854	9.11576	0.270137	15	CGCCCCTCCCTCCCC	CCGCCGCCGCCATCTT	-
48-CGCCCCTCCCTCCCC	MZF1_HUMAN.H11MO.0.B	-1	0.0121652	9.35502	0.270137	13	CGCCCCTCCCTCCCC	CCCAATCCCCTCC	-
48-CGCCCCTCCCTCCCC	ZBTB6_HUMAN.H11MO.0.C	-2	0.0121652	9.35502	0.270137	13	CGCCCCTCCCTCCCC	CGGCTCCAGCACC	-
48-CGCCCCTCCCTCCCC	Z324A_HUMAN.H11MO.0.C	4	0.012168	9.35723	0.270137	15	CGCCCCTCCCTCCCC	TATCAAACCATCCTTTGCTGCCA	+
48-CGCCCCTCCCTCCCC	ETV4_HUMAN.H11MO.0.B	-3	0.0133447	10.2621	0.291904	11	CGCCCCTCCCTCCCC	CCCTTCCTGTT	-
48-CGCCCCTCCCTCCCC	ZFX_HUMAN.H11MO.1.A	-2	0.0139542	10.7308	0.300811	13	CGCCCCTCCCTCCCC	CCCCGGCCTCCGCCCCC	-
48-CGCCCCTCCCTCCCC	E2F4_HUMAN.H11MO.1.A	1	0.0157593	12.1189	0.334871	13	CGCCCCTCCCTCCCC	TCAAATTTCCCGCC	-
48-CGCCCCTCCCTCCCC	ARNT2_HUMAN.H11MO.0.D	-3	0.0168455	12.9542	0.352911	12	CGCCCCTCCCTCCCC	GCCTCCCACGCC	-
48-CGCCCCTCCCTCCCC	PLAG1_HUMAN.H11MO.0.D	-2	0.0187135	14.3907	0.383474	13	CGCCCCTCCCTCCCC	CCCCTCCTGATGCCCCC	-
48-CGCCCCTCCCTCCCC	SPIC_HUMAN.H11MO.0.D	-3	0.019055	14.6533	0.383474	12	CGCCCCTCCCTCCCC	CCTCCCCTTCCTC	-
48-CGCCCCTCCCTCCCC	GLIS3_HUMAN.H11MO.0.D	0	0.019115	14.6994	0.383474	10	CGCCCCTCCCTCCCC	TACCCCCCAC	-
48-CGCCCCTCCCTCCCC	SMAD3_HUMAN.H11MO.0.B	-3	0.0193356	14.8691	0.383474	12	CGCCCCTCCCTCCCC	CTCTGTCACCTG	+
48-CGCCCCTCCCTCCCC	SRBP2_HUMAN.H11MO.0.B	-4	0.0199121	15.3124	0.385929	11	CGCCCCTCCCTCCCC	CCTCACCCCACCC	-
48-CGCCCCTCCCTCCCC	ZBT48_HUMAN.H11MO.0.C	-1	0.0202378	15.5629	0.385929	12	CGCCCCTCCCTCCCC	CACGGTCCCTAA	-
48-CGCCCCTCCCTCCCC	ZN816_HUMAN.H11MO.1.C	0	0.0212796	16.364	0.40066	14	CGCCCCTCCCTCCCC	TGCATGTCCCCCTT	-
48-CGCCCCTCCCTCCCC	RXRA_HUMAN.H11MO.0.A	4	0.0217133	16.6975	0.403714	15	CGCCCCTCCCTCCCC	CTCTGACCTCTGCCTCCCCC	-
48-CGCCCCTCCCTCCCC	ZBT7A_HUMAN.H11MO.0.A	1	0.0229178	17.6238	0.420848	8	CGCCCCTCCCTCCCC	GAGACCCCC	-
48-CGCCCCTCCCTCCCC	HXB1_HUMAN.H11MO.0.D	-3	0.0244941	18.836	0.44431	10	CGCCCCTCCCTCCCC	CCATCCATCA	-
48-CGCCCCTCCCTCCCC	SMAD1_HUMAN.H11MO.0.D	-2	0.0253534	19.4967	0.454356	12	CGCCCCTCCCTCCCC	AGCCTGTCTGCC	+
48-CGCCCCTCCCTCCCC	KLF13_HUMAN.H11MO.0.D	2	0.0260733	20.0504	0.461695	9	CGCCCCTCCCTCCCC	CACGCCCCCCT	-
48-CGCCCCTCCCTCCCC	IKZF1_HUMAN.H11MO.0.C	-4	0.0265887	20.4467	0.465283	8	CGCCCCTCCCTCCCC	TCTCCCAA	-
48-CGCCCCTCCCTCCCC	ZIC4_HUMAN.H11MO.0.D	0	0.0275442	21.1815	0.476399	15	CGCCCCTCCCTCCCC	GACCCCCCGCTGTGC	-
48-CGCCCCTCCCTCCCC	FEV_HUMAN.H11MO.0.B	-2	0.0283444	21.7969	0.483409	10	CGCCCCTCCCTCCCC	CGCTTCCCGC	-
48-CGCCCCTCCCTCCCC	SUH_HUMAN.H11MO.0.A	-4	0.0285995	21.993	0.483409	11	CGCCCCTCCCTCCCC	TTTCCCACGCC	-
49-CGCTTCCGGCCTCCT	ETV1_HUMAN.H11MO.0.A	0	1.08032e-05	0.00830766	0.0163839	11	CGCTTCCGGCCTCCT	CACTTCCGGCC	-
49-CGCTTCCGGCCTCCT	ELK4_HUMAN.H11MO.0.A	1	6.16134e-05	0.0473807	0.046721	11	CGCTTCCGGCCTCCT	CCACTTCCGGTC	-
49-CGCTTCCGGCCTCCT	GABPA_HUMAN.H11MO.0.A	1	0.000130649	0.100469	0.0524943	13	CGCTTCCGGCCTCCT	CCACTTCCGGTTCC	-
49-CGCTTCCGGCCTCCT	TFDP1_HUMAN.H11MO.0.C	-1	0.000138454	0.106471	0.0524943	14	CGCTTCCGGCCTCCT	TTTTCCCGCCCCCC	-
49-CGCTTCCGGCCTCCT	ELK1_HUMAN.H11MO.0.B	1	0.000215574	0.165777	0.0653872	10	CGCTTCCGGCCTCCT	CCACTTCCGGT	-
49-CGCTTCCGGCCTCCT	ELF2_HUMAN.H11MO.0.C	1	0.000336642	0.258877	0.0825709	12	CGCTTCCGGCCTCCT	CCACTTCCGGGTT	-
49-CGCTTCCGGCCTCCT	E2F1_HUMAN.H11MO.0.A	-1	0.000426596	0.328053	0.0825709	14	CGCTTCCGGCCTCCT	CTTTCCCGCCCCCC	-
49-CGCTTCCGGCCTCCT	ZN770_HUMAN.H11MO.1.C	-4	0.000435563	0.334948	0.0825709	11	CGCTTCCGGCCTCCT	CTCAGCCTCCC	-
49-CGCTTCCGGCCTCCT	ELF1_HUMAN.H11MO.0.A	1	0.00055944	0.430209	0.0899352	13	CGCTTCCGGCCTCCT	CCACTTCCGGGTTC	-
49-CGCTTCCGGCCTCCT	E2F7_HUMAN.H11MO.0.B	0	0.000593012	0.456026	0.0899352	13	CGCTTCCGGCCTCCT	CCTTTCCCGCCCC	-
49-CGCTTCCGGCCTCCT	FEV_HUMAN.H11MO.0.B	0	0.000777279	0.597728	0.0941425	10	CGCTTCCGGCCTCCT	CGCTTCCCGC	-
49-CGCTTCCGGCCTCCT	ETS1_HUMAN.H11MO.0.A	1	0.000825814	0.635051	0.0941425	12	CGCTTCCGGCCTCCT	CCACTTCCTGTCT	-
49-CGCTTCCGGCCTCCT	E2F3_HUMAN.H11MO.0.A	-2	0.000962639	0.740269	0.0941425	11	CGCTTCCGGCCTCCT	TTTCCCGCCCT	-
49-CGCTTCCGGCCTCCT	E2F4_HUMAN.H11MO.0.A	-1	0.000972221	0.747638	0.0941425	13	CGCTTCCGGCCTCCT	ATTTCCCGCCCCC	-
49-CGCTTCCGGCCTCCT	E2F6_HUMAN.H11MO.0.A	0	0.000972221	0.747638	0.0941425	13	CGCTTCCGGCCTCCT	CCCTTCCCGCCCC	-
49-CGCTTCCGGCCTCCT	FLI1_HUMAN.H11MO.0.A	4	0.000993207	0.763776	0.0941425	14	CGCTTCCGGCCTCCT	TCCCTCCTTCCTTCCTCC	-
49-CGCTTCCGGCCTCCT	ZN770_HUMAN.H11MO.0.C	7	0.00108815	0.836785	0.0970744	15	CGCTTCCGGCCTCCT	GATCCTCCCGCCTCAGCCTCCC	-
49-CGCTTCCGGCCTCCT	ZN418_HUMAN.H11MO.0.C	0	0.00141317	1.08673	0.119066	15	CGCTTCCGGCCTCCT	TGCTTTTAGCCTCTTCC	+
49-CGCTTCCGGCCTCCT	ZN263_HUMAN.H11MO.0.A	2	0.00182079	1.40019	0.138199	15	CGCTTCCGGCCTCCT	CTCCTCCTCTCCCTCCTCCC	-
49-CGCTTCCGGCCTCCT	ERG_HUMAN.H11MO.0.A	1	0.00183897	1.41417	0.138199	12	CGCTTCCGGCCTCCT	CCACTTCCTGCCC	-
49-CGCTTCCGGCCTCCT	ZN219_HUMAN.H11MO.0.D	-4	0.0019962	1.53508	0.138199	11	CGCTTCCGGCCTCCT	TCCGCCCCCCTC	-
49-CGCTTCCGGCCTCCT	ETV2_HUMAN.H11MO.0.B	2	0.00200476	1.54166	0.138199	14	CGCTTCCGGCCTCCT	CCCACTTCCTGTTTCC	-
49-CGCTTCCGGCCTCCT	FLI1_HUMAN.H11MO.1.A	1	0.00214842	1.65214	0.141664	12	CGCTTCCGGCCTCCT	CCACTTCCTGCCT	-
49-CGCTTCCGGCCTCCT	SP2_HUMAN.H11MO.1.B	-3	0.0027518	2.11613	0.169034	12	CGCTTCCGGCCTCCT	GCCCCGCCCCCT	-
49-CGCTTCCGGCCTCCT	ELF5_HUMAN.H11MO.0.A	1	0.00278643	2.14276	0.169034	14	CGCTTCCGGCCTCCT	CCACTTCCTCCTTCC	-
49-CGCTTCCGGCCTCCT	ZN341_HUMAN.H11MO.0.C	1	0.00307358	2.36358	0.179282	15	CGCTTCCGGCCTCCT	GCTCTTCCCTCCCCCCCCCCCC	-
49-CGCTTCCGGCCTCCT	MBD2_HUMAN.H11MO.0.B	-2	0.00376855	2.89802	0.211679	11	CGCTTCCGGCCTCCT	CCTCCGGCCCC	-
49-CGCTTCCGGCCTCCT	SP2_HUMAN.H11MO.0.A	3	0.00408617	3.14227	0.221322	15	CGCTTCCGGCCTCCT	CCCCCGGCCCCGCCCCCCCCCC	-
49-CGCTTCCGGCCTCCT	KLF15_HUMAN.H11MO.0.A	0	0.00473688	3.64266	0.24772	15	CGCTTCCGGCCTCCT	CCCCCCCCTGCTCCTCCCC	-
49-CGCTTCCGGCCTCCT	ETV4_HUMAN.H11MO.0.B	0	0.00577996	4.44479	0.292193	11	CGCTTCCGGCCTCCT	CCCTTCCTGTT	-
49-CGCTTCCGGCCTCCT	PATZ1_HUMAN.H11MO.0.C	3	0.00679492	5.22529	0.332421	15	CGCTTCCGGCCTCCT	CCTCCCCCCCCGCCCCCTCCCC	-
49-CGCTTCCGGCCTCCT	ZFX_HUMAN.H11MO.1.A	-3	0.00731801	5.62755	0.341887	12	CGCTTCCGGCCTCCT	CCCCGGCCTCCGCCCCC	-
49-CGCTTCCGGCCTCCT	VEZF1_HUMAN.H11MO.0.C	6	0.00743927	5.7208	0.341887	15	CGCTTCCGGCCTCCT	CCCCTCCCCCTCCCCCCTCCCC	-
49-CGCTTCCGGCCTCCT	ETV7_HUMAN.H11MO.0.D	-2	0.00779627	5.99534	0.347756	7	CGCTTCCGGCCTCCT	CTTCCTG	-
49-CGCTTCCGGCCTCCT	ZFX_HUMAN.H11MO.0.A	-4	0.0090907	6.99075	0.384051	10	CGCTTCCGGCCTCCT	CGGGGCCTGG	-
49-CGCTTCCGGCCTCCT	EGR4_HUMAN.H11MO.0.D	-3	0.00920539	7.07895	0.384051	11	CGCTTCCGGCCTCCT	GCCCTGCCGCC	-
49-CGCTTCCGGCCTCCT	MECP2_HUMAN.H11MO.0.C	-3	0.00951606	7.31785	0.384051	7	CGCTTCCGGCCTCCT	CTCCGGG	-
49-CGCTTCCGGCCTCCT	ZSC22_HUMAN.H11MO.0.C	-2	0.0096229	7.40001	0.384051	13	CGCTTCCGGCCTCCT	CCTCCTCCCTCAGACC	-
49-CGCTTCCGGCCTCCT	PLAL1_HUMAN.H11MO.0.D	-6	0.0112402	8.6437	0.437094	9	CGCTTCCGGCCTCCT	GGGCCCCCCG	-
49-CGCTTCCGGCCTCCT	E2F2_HUMAN.H11MO.0.B	-1	0.0118459	9.10948	0.437618	10	CGCTTCCGGCCTCCT	GTTTCGCGCC	-
49-CGCTTCCGGCCTCCT	PLAG1_HUMAN.H11MO.0.D	3	0.0118521	9.11425	0.437618	14	CGCTTCCGGCCTCCT	CCCCTCCTGATGCCCCC	-
49-CGCTTCCGGCCTCCT	MAZ_HUMAN.H11MO.0.A	5	0.0121193	9.31976	0.437618	15	CGCTTCCGGCCTCCT	CCCCCCCCCCCCCCCCTCCCCC	-
49-CGCTTCCGGCCTCCT	E2F4_HUMAN.H11MO.1.A	3	0.0128455	9.87818	0.444015	11	CGCTTCCGGCCTCCT	TCAAATTTCCCGCC	-
49-CGCTTCCGGCCTCCT	ETV5_HUMAN.H11MO.0.C	2	0.0134256	10.3243	0.444015	12	CGCTTCCGGCCTCCT	CTCACTTCCTGCTC	-
49-CGCTTCCGGCCTCCT	ZF64A_HUMAN.H11MO.0.D	2	0.0136051	10.4623	0.444015	14	CGCTTCCGGCCTCCT	CAGGTTCCCGGGCCCC	-
49-CGCTTCCGGCCTCCT	ELK3_HUMAN.H11MO.0.D	1	0.0136437	10.492	0.444015	11	CGCTTCCGGCCTCCT	GCACTTCCTGGG	-
49-CGCTTCCGGCCTCCT	SP4_HUMAN.H11MO.0.A	1	0.0137604	10.5817	0.444015	15	CGCTTCCGGCCTCCT	CCCGGCCCCGCCCCCTTCCC	-
49-CGCTTCCGGCCTCCT	ZBT17_HUMAN.H11MO.0.A	3	0.01435	11.0352	0.453396	15	CGCTTCCGGCCTCCT	CTTCCCCTCCCCCACCCTC	-
50-CTCACAGCCTAATTA	GSX1_HUMAN.H11MO.0.D	0	0.000430414	0.330989	0.353805	15	CTCACAGCCTAATTA	ATTAAAAACTAATTA	-
50-CTCACAGCCTAATTA	GSX2_HUMAN.H11MO.0.D	0	0.00106456	0.818643	0.353805	15	CTCACAGCCTAATTA	ATTAAAAACTAATTAA	-
50-CTCACAGCCTAATTA	EMX2_HUMAN.H11MO.0.D	-3	0.00140448	1.08004	0.353805	12	CTCACAGCCTAATTA	ATTAGCTAATTA	-
50-CTCACAGCCTAATTA	LBX2_HUMAN.H11MO.0.D	-6	0.00159847	1.22922	0.353805	9	CTCACAGCCTAATTA	ACCTAATTAAC	-
50-CTCACAGCCTAATTA	VSX1_HUMAN.H11MO.0.D	-1	0.00162177	1.24714	0.353805	14	CTCACAGCCTAATTA	AAATTAGCTAATTA	-
50-CTCACAGCCTAATTA	NOTO_HUMAN.H11MO.0.D	-6	0.0020149	1.54946	0.353805	9	CTCACAGCCTAATTA	ACCTAATTAAC	-
50-CTCACAGCCTAATTA	EMX1_HUMAN.H11MO.0.D	-3	0.00218415	1.67961	0.353805	12	CTCACAGCCTAATTA	ATTAGCTAATTA	-
50-CTCACAGCCTAATTA	PO6F2_HUMAN.H11MO.0.D	-6	0.00225913	1.73727	0.353805	9	CTCACAGCCTAATTA	AGCTAATTAAC	-
50-CTCACAGCCTAATTA	VAX2_HUMAN.H11MO.0.D	-2	0.00235786	1.81319	0.353805	13	CTCACAGCCTAATTA	ATTAGGGTAATTAGTG	+
50-CTCACAGCCTAATTA	PRRX2_HUMAN.H11MO.0.C	-8	0.00255844	1.96744	0.353805	7	CTCACAGCCTAATTA	TTAATTG	+
50-CTCACAGCCTAATTA	VSX2_HUMAN.H11MO.0.D	-4	0.0025691	1.97563	0.353805	11	CTCACAGCCTAATTA	GAAGCTAATTAA	-
50-CTCACAGCCTAATTA	DMBX1_HUMAN.H11MO.0.D	2	0.00345876	2.65979	0.359107	15	CTCACAGCCTAATTA	TAATTATAATCTAATTAAGT	+
50-CTCACAGCCTAATTA	MEOX2_HUMAN.H11MO.0.D	-5	0.00353866	2.72123	0.359107	10	CTCACAGCCTAATTA	ATCATAATTAA	-
50-CTCACAGCCTAATTA	ZN317_HUMAN.H11MO.0.C	2	0.00362754	2.78958	0.359107	15	CTCACAGCCTAATTA	GAATGACAGCTGACTTCTCA	+
50-CTCACAGCCTAATTA	HXD3_HUMAN.H11MO.0.D	-7	0.00373914	2.8754	0.359107	8	CTCACAGCCTAATTA	CCTAATTAACC	-
50-CTCACAGCCTAATTA	HXB3_HUMAN.H11MO.0.D	-2	0.00379287	2.91672	0.359107	13	CTCACAGCCTAATTA	TAAAAACTAATTAA	-
50-CTCACAGCCTAATTA	LHX9_HUMAN.H11MO.0.D	2	0.0041303	3.1762	0.368051	15	CTCACAGCCTAATTA	TAATTAATAGCTAATTAG	-
50-CTCACAGCCTAATTA	MEOX1_HUMAN.H11MO.0.D	-1	0.00503415	3.87126	0.423672	14	CTCACAGCCTAATTA	ATTAACGCTAATTACC	-
50-CTCACAGCCTAATTA	MSX2_HUMAN.H11MO.0.D	-8	0.00563485	4.3332	0.445464	7	CTCACAGCCTAATTA	ACAATTA	-
50-CTCACAGCCTAATTA	HXA2_HUMAN.H11MO.0.D	-6	0.00608022	4.67569	0.445464	9	CTCACAGCCTAATTA	CGCTAATTACC	-
50-CTCACAGCCTAATTA	GBX2_HUMAN.H11MO.0.D	1	0.00627032	4.82187	0.445464	15	CTCACAGCCTAATTA	AATTAAAGGCTAATTAG	-
52-CTCCTTTTCCATTGG	NFAC1_HUMAN.H11MO.1.B	-3	0.000172411	0.132584	0.265115	10	CTCCTTTTCCATTGG	TTTTTCCATT	-
52-CTCCTTTTCCATTGG	NFAC3_HUMAN.H11MO.0.B	-2	0.000843289	0.648489	0.347489	9	CTCCTTTTCCATTGG	AGTTTTCCA	-
52-CTCCTTTTCCATTGG	NFAC1_HUMAN.H11MO.0.B	3	0.000868231	0.66767	0.347489	12	CTCCTTTTCCATTGG	TTTCTTTTTTTCCAT	-
52-CTCCTTTTCCATTGG	NFAC2_HUMAN.H11MO.0.B	-2	0.000903926	0.695119	0.347489	9	CTCCTTTTCCATTGG	AATTTTCCA	-
52-CTCCTTTTCCATTGG	ZN394_HUMAN.H11MO.1.D	-5	0.00136056	1.04627	0.418422	9	CTCCTTTTCCATTGG	ATTCCATTC	-
55-GAATCAACACAACCA	FOXH1_HUMAN.H11MO.0.A	0	0.000141872	0.1091	0.218199	9	GAATCAACACAACCA	CAATCCACA	-
55-GAATCAACACAACCA	BRCA1_HUMAN.H11MO.0.D	-4	0.000785214	0.603829	0.49577	9	GAATCAACACAACCA	CAACCCAAA	-
55-GAATCAACACAACCA	MAFF_HUMAN.H11MO.1.B	0	0.000967042	0.743656	0.49577	9	GAATCAACACAACCA	GACTCAGCA	-
56-GCAGCACAGGCCGGG	ZFX_HUMAN.H11MO.1.A	1	0.00015581	0.119818	0.239588	15	GCAGCACAGGCCGGG	GGGGGCGGAGGCCGGGG	+
57-GCCAATCAGCGCAGT	CEBPZ_HUMAN.H11MO.0.D	1	4.90126e-05	0.0376907	0.0751691	10	GCCAATCAGCGCAGT	AGCCAATCAGC	-
57-GCCAATCAGCGCAGT	PBX3_HUMAN.H11MO.1.A	1	0.000191227	0.147054	0.100215	8	GCCAATCAGCGCAGT	TGCCAATCA	-
57-GCCAATCAGCGCAGT	FOXI1_HUMAN.H11MO.0.B	1	0.000260486	0.200313	0.100215	11	GCCAATCAGCGCAGT	GACCAATCAGAG	-
57-GCCAATCAGCGCAGT	NFYB_HUMAN.H11MO.0.A	2	0.000261373	0.200996	0.100215	11	GCCAATCAGCGCAGT	CAGCCAATCAGAG	+
57-GCCAATCAGCGCAGT	NFYC_HUMAN.H11MO.0.A	3	0.000376022	0.289161	0.115339	11	GCCAATCAGCGCAGT	CTAGCCAATCAGAG	+
57-GCCAATCAGCGCAGT	ZN563_HUMAN.H11MO.1.C	-2	0.00134518	1.03444	0.343842	12	GCCAATCAGCGCAGT	CAGGCAGCACAG	+
57-GCCAATCAGCGCAGT	NFYA_HUMAN.H11MO.0.A	3	0.00166043	1.27687	0.348859	11	GCCAATCAGCGCAGT	TCAGCCAATCAGAA	+
57-GCCAATCAGCGCAGT	LHX6_HUMAN.H11MO.0.D	-1	0.00181974	1.39938	0.348859	10	GCCAATCAGCGCAGT	GTAATCAGAG	-
58-GCGAGCGCGCGCGCG	ZBT14_HUMAN.H11MO.0.C	-1	9.88975e-06	0.00760522	0.0152104	9	GCGAGCGCGCGCGCG	GGAGCGCGC	+
59-GCTCAAAGAAGAGCC	ZN341_HUMAN.H11MO.1.C	-6	0.000197383	0.151788	0.303575	9	GCTCAAAGAAGAGCC	GGAACAGCC	+
60-GGCCACGCCCCCACA	KLF9_HUMAN.H11MO.0.C	0	3.1957e-07	0.000245749	0.000479517	15	GGCCACGCCCCCACA	GGCCACGCCCCCTCC	-
60-GGCCACGCCCCCACA	KLF14_HUMAN.H11MO.0.D	-1	7.53808e-07	0.000579678	0.000565547	13	GGCCACGCCCCCACA	GCCACGCCCCCCT	-
60-GGCCACGCCCCCACA	SP1_HUMAN.H11MO.1.A	1	2.48112e-06	0.00190798	0.00124098	13	GGCCACGCCCCCACA	CGGCCCCGCCCCCC	-
60-GGCCACGCCCCCACA	KLF12_HUMAN.H11MO.0.C	-1	7.90435e-06	0.00607845	0.00296513	11	GGCCACGCCCCCACA	GCCCCGCCCCT	-
60-GGCCACGCCCCCACA	SP1_HUMAN.H11MO.0.A	9	1.22457e-05	0.00941691	0.00367494	13	GGCCACGCCCCCACA	CCCCCCCCCGGCCCCGCCCCCC	-
60-GGCCACGCCCCCACA	KLF4_HUMAN.H11MO.0.A	-1	5.04933e-05	0.0388293	0.0126276	10	GGCCACGCCCCCACA	GCCACACCCT	-
60-GGCCACGCCCCCACA	SP2_HUMAN.H11MO.1.B	-1	6.13781e-05	0.0471997	0.0131569	12	GGCCACGCCCCCACA	GCCCCGCCCCCT	-
60-GGCCACGCCCCCACA	SP2_HUMAN.H11MO.0.A	5	8.67347e-05	0.066699	0.0162683	15	GGCCACGCCCCCACA	CCCCCGGCCCCGCCCCCCCCCC	-
60-GGCCACGCCCCCACA	SP3_HUMAN.H11MO.0.B	4	0.000107209	0.082444	0.0163986	15	GGCCACGCCCCCACA	CCCCGGCCCCGCCCCCCCCC	-
60-GGCCACGCCCCCACA	XBP1_HUMAN.H11MO.0.D	-1	0.000109287	0.0840417	0.0163986	11	GGCCACGCCCCCACA	GCCACGTCAGC	-
60-GGCCACGCCCCCACA	KLF1_HUMAN.H11MO.0.A	3	0.000181769	0.139781	0.0228857	11	GGCCACGCCCCCACA	CCCGGCCCCGCCCC	-
60-GGCCACGCCCCCACA	EGR4_HUMAN.H11MO.0.D	-1	0.000186241	0.14322	0.0228857	11	GGCCACGCCCCCACA	GCCCTGCCGCC	-
60-GGCCACGCCCCCACA	ZN281_HUMAN.H11MO.0.A	-1	0.000198276	0.152474	0.0228857	14	GGCCACGCCCCCACA	TCCCCTCCCCCACCC	-
60-GGCCACGCCCCCACA	ZN148_HUMAN.H11MO.0.D	-2	0.000221325	0.170199	0.0237214	13	GGCCACGCCCCCACA	CCCCTCCCCCACCCC	-
60-GGCCACGCCCCCACA	KLF13_HUMAN.H11MO.0.D	-3	0.000257707	0.198176	0.0257794	11	GGCCACGCCCCCACA	CACGCCCCCCT	-
60-GGCCACGCCCCCACA	HEY2_HUMAN.H11MO.0.D	3	0.000279753	0.21513	0.0262357	14	GGCCACGCCCCCACA	TAATGCCACGTGCCCCC	-
60-GGCCACGCCCCCACA	KLF3_HUMAN.H11MO.0.B	3	0.000330485	0.254143	0.0291151	15	GGCCACGCCCCCACA	CCCGGCCCCGCCCCTCCCC	-
60-GGCCACGCCCCCACA	SP4_HUMAN.H11MO.1.A	1	0.000349263	0.268583	0.0291151	15	GGCCACGCCCCCACA	CGGCCCCGCCCCCTCC	-
60-GGCCACGCCCCCACA	EGR2_HUMAN.H11MO.1.A	-1	0.000454966	0.349869	0.0359305	14	GGCCACGCCCCCACA	CCCCCGCCCACGCCCC	-
60-GGCCACGCCCCCACA	ZN740_HUMAN.H11MO.0.D	-1	0.000520882	0.400558	0.0390793	14	GGCCACGCCCCCACA	CCCACCCCCCCCCC	-
60-GGCCACGCCCCCACA	ATF6A_HUMAN.H11MO.0.B	-2	0.000641713	0.493477	0.0458521	12	GGCCACGCCCCCACA	CCACGTCACCAC	-
60-GGCCACGCCCCCACA	EGR1_HUMAN.H11MO.0.A	-1	0.000720363	0.553959	0.0491323	14	GGCCACGCCCCCACA	CCCCCGCCCACGCCCTC	-
60-GGCCACGCCCCCACA	SP4_HUMAN.H11MO.0.A	3	0.000798677	0.614183	0.0504156	15	GGCCACGCCCCCACA	CCCGGCCCCGCCCCCTTCCC	-
60-GGCCACGCCCCCACA	KLF6_HUMAN.H11MO.0.A	5	0.000806377	0.620104	0.0504156	14	GGCCACGCCCCCACA	CCCCCGGCCCCGCCCTTCC	-
60-GGCCACGCCCCCACA	ZN219_HUMAN.H11MO.0.D	-1	0.000904314	0.695417	0.0542772	12	GGCCACGCCCCCACA	TCCGCCCCCCTC	-
60-GGCCACGCCCCCACA	EGR2_HUMAN.H11MO.0.A	-2	0.000973821	0.748868	0.056201	13	GGCCACGCCCCCACA	CCCCTCCCACACCCCCCC	-
60-GGCCACGCCCCCACA	CR3L2_HUMAN.H11MO.0.D	0	0.00138838	1.06767	0.0771585	13	GGCCACGCCCCCACA	TGCCACGTCATCA	-
60-GGCCACGCCCCCACA	EGR3_HUMAN.H11MO.0.D	-4	0.00159403	1.22581	0.0786833	11	GGCCACGCCCCCACA	ACACCCACTCT	-
60-GGCCACGCCCCCACA	MAZ_HUMAN.H11MO.1.A	-1	0.00159403	1.22581	0.0786833	11	GGCCACGCCCCCACA	CCCCCTCCCTC	-
60-GGCCACGCCCCCACA	P53_HUMAN.H11MO.0.A	0	0.00161687	1.24337	0.0786833	15	GGCCACGCCCCCACA	AGACATGCCCAGACATGCCC	+
60-GGCCACGCCCCCACA	CREB3_HUMAN.H11MO.0.D	0	0.00162557	1.25006	0.0786833	13	GGCCACGCCCCCACA	TGCCACGTCACCA	-
60-GGCCACGCCCCCACA	KLF5_HUMAN.H11MO.0.A	3	0.00200663	1.5431	0.0940927	11	GGCCACGCCCCCACA	CCCAGCCCCACCCT	-
60-GGCCACGCCCCCACA	TBX1_HUMAN.H11MO.0.D	2	0.00238852	1.83677	0.108606	15	GGCCACGCCCCCACA	CCGCCCACCCCTGCCCACCC	-
60-GGCCACGCCCCCACA	KLF16_HUMAN.H11MO.0.D	7	0.00264213	2.0318	0.116604	12	GGCCACGCCCCCACA	CCCCCCCCCCCCCGCCCCC	-
60-GGCCACGCCCCCACA	TBX15_HUMAN.H11MO.0.D	1	0.0035094	2.69873	0.150454	15	GGCCACGCCCCCACA	CCCCCACCCCCCCCCCCCC	-
60-GGCCACGCCCCCACA	ZBT17_HUMAN.H11MO.0.A	1	0.00385335	2.96322	0.160611	15	GGCCACGCCCCCACA	CTTCCCCTCCCCCACCCTC	-
60-GGCCACGCCCCCACA	P73_HUMAN.H11MO.0.A	0	0.00422864	3.25183	0.17149	15	GGCCACGCCCCCACA	AGACATGCCCAGACATGCC	+
60-GGCCACGCCCCCACA	ZFX_HUMAN.H11MO.1.A	4	0.00435209	3.34676	0.171851	13	GGCCACGCCCCCACA	CCCCGGCCTCCGCCCCC	-
60-GGCCACGCCCCCACA	PURA_HUMAN.H11MO.0.D	-2	0.00546973	4.20622	0.207826	13	GGCCACGCCCCCACA	CCCTGCCCCCCCCTTCC	-
60-GGCCACGCCCCCACA	PATZ1_HUMAN.H11MO.0.C	5	0.00554015	4.26038	0.207826	15	GGCCACGCCCCCACA	CCTCCCCCCCCGCCCCCTCCCC	-
60-GGCCACGCCCCCACA	GLIS1_HUMAN.H11MO.0.D	-3	0.00659735	5.07336	0.241448	12	GGCCACGCCCCCACA	AGACCCCCCACGA	-
60-GGCCACGCCCCCACA	WT1_HUMAN.H11MO.0.C	4	0.00833457	6.40928	0.292185	15	GGCCACGCCCCCACA	CCCCCCCTCCTCCCCCGCCC	-
60-GGCCACGCCCCCACA	GLI1_HUMAN.H11MO.0.D	1	0.00866758	6.66537	0.292185	11	GGCCACGCCCCCACA	AGACCACCCAGG	-
60-GGCCACGCCCCCACA	INSM1_HUMAN.H11MO.0.C	-5	0.00866758	6.66537	0.292185	10	GGCCACGCCCCCACA	TGCCCCCTGACA	-
60-GGCCACGCCCCCACA	E2F4_HUMAN.H11MO.0.A	1	0.00876258	6.73842	0.292185	12	GGCCACGCCCCCACA	ATTTCCCGCCCCC	-
60-GGCCACGCCCCCACA	AHR_HUMAN.H11MO.0.B	-2	0.0102706	7.89807	0.329933	9	GGCCACGCCCCCACA	GCACGCAAC	-
60-GGCCACGCCCCCACA	RELB_HUMAN.H11MO.0.C	0	0.0105158	8.08667	0.329933	12	GGCCACGCCCCCACA	GGGAAATCCCCC	-
60-GGCCACGCCCCCACA	HES1_HUMAN.H11MO.0.D	1	0.0105543	8.11623	0.329933	12	GGCCACGCCCCCACA	CCGCCACGAGCCC	+
60-GGCCACGCCCCCACA	SALL4_HUMAN.H11MO.0.B	-3	0.0109253	8.40155	0.330121	10	GGCCACGCCCCCACA	CCCACCCTCC	-
60-GGCCACGCCCCCACA	ZN816_HUMAN.H11MO.1.C	-1	0.0110003	8.45925	0.330121	14	GGCCACGCCCCCACA	TGCATGTCCCCCTT	-
60-GGCCACGCCCCCACA	HEY1_HUMAN.H11MO.0.D	0	0.0115706	8.89775	0.340426	12	GGCCACGCCCCCACA	CGACACGTGCCA	-
60-GGCCACGCCCCCACA	MAZ_HUMAN.H11MO.0.A	4	0.012937	9.94855	0.371914	15	GGCCACGCCCCCACA	CCCCCCCCCCCCCCCCTCCCCC	-
60-GGCCACGCCCCCACA	PPARG_HUMAN.H11MO.0.A	1	0.0131919	10.1446	0.371914	15	GGCCACGCCCCCACA	TGACCTTTGCCCCACTT	-
60-GGCCACGCCCCCACA	NFKB2_HUMAN.H11MO.0.B	0	0.0133844	10.2926	0.371914	11	GGCCACGCCCCCACA	GGGAAAGCCCC	+
60-GGCCACGCCCCCACA	MYCN_HUMAN.H11MO.0.A	0	0.0139783	10.7493	0.37254	12	GGCCACGCCCCCACA	GGCCACGTGGGC	+
60-GGCCACGCCCCCACA	NFKB1_HUMAN.H11MO.1.B	0	0.0140576	10.8103	0.37254	11	GGCCACGCCCCCACA	GGGAAATTCCC	+
60-GGCCACGCCCCCACA	NFIA_HUMAN.H11MO.0.C	2	0.0145981	11.226	0.37254	13	GGCCACGCCCCCACA	TTGGCACCGTGCCAA	-
60-GGCCACGCCCCCACA	HES5_HUMAN.H11MO.0.D	0	0.0146483	11.2645	0.37254	12	GGCCACGCCCCCACA	CGGCACGTGCCA	-
60-GGCCACGCCCCCACA	ARNT2_HUMAN.H11MO.0.D	3	0.0146483	11.2645	0.37254	9	GGCCACGCCCCCACA	GCCTCCCACGCC	-
60-GGCCACGCCCCCACA	GLIS3_HUMAN.H11MO.0.D	-4	0.0149151	11.4697	0.373003	10	GGCCACGCCCCCACA	TACCCCCCAC	-
60-GGCCACGCCCCCACA	ZIC1_HUMAN.H11MO.0.B	-3	0.0168108	12.9275	0.413519	9	GGCCACGCCCCCACA	GACCACCCC	-
60-GGCCACGCCCCCACA	PLAL1_HUMAN.H11MO.0.D	-4	0.0173738	13.3605	0.415416	10	GGCCACGCCCCCACA	GGGCCCCCCG	-
60-GGCCACGCCCCCACA	PATZ1_HUMAN.H11MO.1.C	-2	0.0177329	13.6366	0.415416	9	GGCCACGCCCCCACA	CCCCTCCCT	-
60-GGCCACGCCCCCACA	ZBT7A_HUMAN.H11MO.0.A	-4	0.0177329	13.6366	0.415416	9	GGCCACGCCCCCACA	GAGACCCCC	-
60-GGCCACGCCCCCACA	P63_HUMAN.H11MO.0.A	-1	0.0180863	13.9084	0.415416	14	GGCCACGCCCCCACA	GGCATGTCCAGGCATGCCC	+
60-GGCCACGCCCCCACA	ZFX_HUMAN.H11MO.0.A	-2	0.0182721	14.0513	0.415416	10	GGCCACGCCCCCACA	CCAGGCCCCG	+
60-GGCCACGCCCCCACA	MAX_HUMAN.H11MO.0.A	-2	0.0192125	14.7744	0.430275	10	GGCCACGCCCCCACA	CCACGTGCTC	-
60-GGCCACGCCCCCACA	MYC_HUMAN.H11MO.0.A	-1	0.0197105	15.1574	0.431394	11	GGCCACGCCCCCACA	GCCACGTGCTC	+
60-GGCCACGCCCCCACA	TBX21_HUMAN.H11MO.0.A	-1	0.0198374	15.255	0.431394	13	GGCCACGCCCCCACA	TTCACACCTCCAC	-
60-GGCCACGCCCCCACA	SRBP2_HUMAN.H11MO.0.B	0	0.0216531	16.6512	0.457975	13	GGCCACGCCCCCACA	CCTCACCCCACCC	-
60-GGCCACGCCCCCACA	MXI1_HUMAN.H11MO.1.A	-1	0.0216701	16.6643	0.457975	11	GGCCACGCCCCCACA	CCCACGTGCTC	+
60-GGCCACGCCCCCACA	NR1H4_HUMAN.H11MO.0.B	6	0.0222445	17.106	0.463585	13	GGCCACGCCCCCACA	CCTCGGGGTCATTGACCCC	-
60-GGCCACGCCCCCACA	TFDP1_HUMAN.H11MO.0.C	1	0.0230089	17.6939	0.46467	13	GGCCACGCCCCCACA	TTTTCCCGCCCCCC	-
60-GGCCACGCCCCCACA	ZN320_HUMAN.H11MO.0.C	6	0.0232256	17.8605	0.46467	14	GGCCACGCCCCCACA	CACTGGCCCCCTGGTCCCAC	-
60-GGCCACGCCCCCACA	NFIC_HUMAN.H11MO.0.A	3	0.0236512	18.1878	0.466959	14	GGCCACGCCCCCACA	CTTGGCTCCCTGCCAAG	+
60-GGCCACGCCCCCACA	KLF8_HUMAN.H11MO.0.C	-3	0.024295	18.6829	0.473439	9	GGCCACGCCCCCACA	CACCCCCTG	-
60-GGCCACGCCCCCACA	PPARA_HUMAN.H11MO.0.B	1	0.0256514	19.7259	0.493462	15	GGCCACGCCCCCACA	TGACCTTTGCCCCAGTT	-
61-GGCCCCGCTCCCACA	SP1_HUMAN.H11MO.1.A	1	3.27614e-06	0.00251936	0.00494914	13	GGCCCCGCTCCCACA	CGGCCCCGCCCCCC	-
61-GGCCCCGCTCCCACA	SP1_HUMAN.H11MO.0.A	9	1.39167e-05	0.010702	0.0105117	13	GGCCCCGCTCCCACA	CCCCCCCCCGGCCCCGCCCCCC	-
61-GGCCCCGCTCCCACA	KLF12_HUMAN.H11MO.0.C	-1	2.65896e-05	0.0204474	0.0133893	11	GGCCCCGCTCCCACA	GCCCCGCCCCT	-
61-GGCCCCGCTCCCACA	SP2_HUMAN.H11MO.1.B	-1	6.12988e-05	0.0471388	0.0231504	12	GGCCCCGCTCCCACA	GCCCCGCCCCCT	-
61-GGCCCCGCTCCCACA	SP2_HUMAN.H11MO.0.A	5	8.18135e-05	0.0629146	0.0247185	15	GGCCCCGCTCCCACA	CCCCCGGCCCCGCCCCCCCCCC	-
61-GGCCCCGCTCCCACA	KLF9_HUMAN.H11MO.0.C	0	0.000126926	0.0976062	0.031957	15	GGCCCCGCTCCCACA	GGCCACGCCCCCTCC	-
61-GGCCCCGCTCCCACA	SP3_HUMAN.H11MO.0.B	4	0.00015069	0.115881	0.0325203	15	GGCCCCGCTCCCACA	CCCCGGCCCCGCCCCCCCCC	-
61-GGCCCCGCTCCCACA	ZN148_HUMAN.H11MO.0.D	-2	0.000187606	0.144269	0.0332773	13	GGCCCCGCTCCCACA	CCCCTCCCCCACCCC	-
61-GGCCCCGCTCCCACA	ZN281_HUMAN.H11MO.0.A	-1	0.000198255	0.152458	0.0332773	14	GGCCCCGCTCCCACA	TCCCCTCCCCCACCC	-
61-GGCCCCGCTCCCACA	SP4_HUMAN.H11MO.1.A	1	0.000368305	0.283226	0.0549457	15	GGCCCCGCTCCCACA	CGGCCCCGCCCCCTCC	-
61-GGCCCCGCTCCCACA	EGR4_HUMAN.H11MO.0.D	-1	0.000400092	0.307671	0.0549457	11	GGCCCCGCTCCCACA	GCCCTGCCGCC	-
61-GGCCCCGCTCCCACA	MAZ_HUMAN.H11MO.1.A	-3	0.000482213	0.370822	0.060705	11	GGCCCCGCTCCCACA	CCCCCTCCCTC	-
61-GGCCCCGCTCCCACA	WT1_HUMAN.H11MO.1.B	-3	0.000579942	0.445976	0.067392	11	GGCCCCGCTCCCACA	CCTCCTCCCAC	-
61-GGCCCCGCTCCCACA	SP4_HUMAN.H11MO.0.A	3	0.000840717	0.646511	0.090717	15	GGCCCCGCTCCCACA	CCCGGCCCCGCCCCCTTCCC	-
61-GGCCCCGCTCCCACA	PATZ1_HUMAN.H11MO.1.C	-4	0.00105796	0.81357	0.106548	9	GGCCCCGCTCCCACA	CCCCTCCCT	-
61-GGCCCCGCTCCCACA	KLF3_HUMAN.H11MO.0.B	3	0.00120875	0.929528	0.110345	15	GGCCCCGCTCCCACA	CCCGGCCCCGCCCCTCCCC	-
61-GGCCCCGCTCCCACA	KLF14_HUMAN.H11MO.0.D	-1	0.00124758	0.959391	0.110345	13	GGCCCCGCTCCCACA	GCCACGCCCCCCT	-
61-GGCCCCGCTCCCACA	ZSC31_HUMAN.H11MO.0.C	6	0.0013148	1.01108	0.110345	12	GGCCCCGCTCCCACA	CATAACTGCCCTGCTGCC	-
61-GGCCCCGCTCCCACA	EGR2_HUMAN.H11MO.1.A	-1	0.00139491	1.07269	0.110907	14	GGCCCCGCTCCCACA	CCCCCGCCCACGCCCC	-
61-GGCCCCGCTCCCACA	EGR2_HUMAN.H11MO.0.A	-2	0.00160161	1.23164	0.120975	13	GGCCCCGCTCCCACA	CCCCTCCCACACCCCCCC	-
61-GGCCCCGCTCCCACA	ZBT17_HUMAN.H11MO.0.A	1	0.00197895	1.52181	0.140524	15	GGCCCCGCTCCCACA	CTTCCCCTCCCCCACCCTC	-
61-GGCCCCGCTCCCACA	EGR1_HUMAN.H11MO.0.A	-1	0.00204648	1.57374	0.140524	14	GGCCCCGCTCCCACA	CCCCCGCCCACGCCCTC	-
61-GGCCCCGCTCCCACA	KLF16_HUMAN.H11MO.0.D	-1	0.00228797	1.75945	0.150276	14	GGCCCCGCTCCCACA	CCCCCCCCCCCCCGCCCCC	-
61-GGCCCCGCTCCCACA	IKZF1_HUMAN.H11MO.0.C	-6	0.00264406	2.03328	0.163897	8	GGCCCCGCTCCCACA	TCTCCCAA	-
61-GGCCCCGCTCCCACA	PLAL1_HUMAN.H11MO.0.D	1	0.00271234	2.08579	0.163897	9	GGCCCCGCTCCCACA	GGGCCCCCCG	-
61-GGCCCCGCTCCCACA	KLF1_HUMAN.H11MO.0.A	3	0.00283357	2.17901	0.164637	11	GGCCCCGCTCCCACA	CCCGGCCCCGCCCC	-
61-GGCCCCGCTCCCACA	KLF6_HUMAN.H11MO.0.A	5	0.00334804	2.57464	0.187324	14	GGCCCCGCTCCCACA	CCCCCGGCCCCGCCCTTCC	-
61-GGCCCCGCTCCCACA	E2F4_HUMAN.H11MO.0.A	1	0.00349364	2.68661	0.18849	12	GGCCCCGCTCCCACA	ATTTCCCGCCCCC	-
61-GGCCCCGCTCCCACA	KLF4_HUMAN.H11MO.0.A	-1	0.0042954	3.30316	0.223755	10	GGCCCCGCTCCCACA	GCCACACCCT	-
61-GGCCCCGCTCCCACA	HEY2_HUMAN.H11MO.0.D	3	0.00476967	3.66787	0.236004	14	GGCCCCGCTCCCACA	TAATGCCACGTGCCCCC	-
61-GGCCCCGCTCCCACA	ZN320_HUMAN.H11MO.0.C	6	0.00484301	3.72427	0.236004	14	GGCCCCGCTCCCACA	CACTGGCCCCCTGGTCCCAC	-
61-GGCCCCGCTCCCACA	ZBT14_HUMAN.H11MO.0.C	-2	0.00509722	3.91976	0.24063	9	GGCCCCGCTCCCACA	GCGCGCTCC	-
61-GGCCCCGCTCCCACA	VEZF1_HUMAN.H11MO.1.C	-3	0.00526877	4.05168	0.241191	12	GGCCCCGCTCCCACA	CCCCCTCCCCCT	-
61-GGCCCCGCTCCCACA	PATZ1_HUMAN.H11MO.0.C	5	0.00607165	4.6691	0.26977	15	GGCCCCGCTCCCACA	CCTCCCCCCCCGCCCCCTCCCC	-
61-GGCCCCGCTCCCACA	NFIC_HUMAN.H11MO.0.A	3	0.00782738	6.01925	0.334308	14	GGCCCCGCTCCCACA	CTTGGCTCCCTGCCAAG	+
61-GGCCCCGCTCCCACA	VEZF1_HUMAN.H11MO.0.C	2	0.00796677	6.12644	0.334308	15	GGCCCCGCTCCCACA	CCCCTCCCCCTCCCCCCTCCCC	-
61-GGCCCCGCTCCCACA	WT1_HUMAN.H11MO.0.C	4	0.00871102	6.69878	0.349131	15	GGCCCCGCTCCCACA	CCCCCCCTCCTCCCCCGCCC	-
61-GGCCCCGCTCCCACA	GLIS3_HUMAN.H11MO.0.D	0	0.00878225	6.75355	0.349131	10	GGCCCCGCTCCCACA	TACCCCCCAC	-
61-GGCCCCGCTCCCACA	SALL4_HUMAN.H11MO.0.B	-5	0.00977034	7.51339	0.378453	10	GGCCCCGCTCCCACA	CCCACCCTCC	-
61-GGCCCCGCTCCCACA	NFIA_HUMAN.H11MO.0.C	2	0.0103152	7.93236	0.389567	13	GGCCCCGCTCCCACA	TTGGCACCGTGCCAA	-
61-GGCCCCGCTCCCACA	TBX15_HUMAN.H11MO.0.D	-1	0.0108483	8.34234	0.399709	14	GGCCCCGCTCCCACA	CCCCCACCCCCCCCCCCCC	-
61-GGCCCCGCTCCCACA	ZN219_HUMAN.H11MO.0.D	2	0.0115459	8.87876	0.41109	10	GGCCCCGCTCCCACA	TCCGCCCCCCTC	-
61-GGCCCCGCTCCCACA	ZSC22_HUMAN.H11MO.0.C	-3	0.0117014	8.99839	0.41109	12	GGCCCCGCTCCCACA	CCTCCTCCCTCAGACC	-
61-GGCCCCGCTCCCACA	ZN263_HUMAN.H11MO.1.A	-3	0.0120838	9.29241	0.414874	11	GGCCCCGCTCCCACA	CCTCCTCCCTC	-
61-GGCCCCGCTCCCACA	MAZ_HUMAN.H11MO.0.A	4	0.0123866	9.52533	0.415823	15	GGCCCCGCTCCCACA	CCCCCCCCCCCCCCCCTCCCCC	-
61-GGCCCCGCTCCCACA	OSR2_HUMAN.H11MO.0.C	0	0.0127522	9.80642	0.418787	15	GGCCCCGCTCCCACA	GCTGCTGCTTCTGCTG	+
61-GGCCCCGCTCCCACA	TFDP1_HUMAN.H11MO.0.C	1	0.0137154	10.5471	0.438991	13	GGCCCCGCTCCCACA	TTTTCCCGCCCCCC	-
61-GGCCCCGCTCCCACA	ZNF18_HUMAN.H11MO.0.C	-3	0.0139486	10.7265	0.438991	12	GGCCCCGCTCCCACA	CCAGTTCACACC	-
61-GGCCCCGCTCCCACA	KLF13_HUMAN.H11MO.0.D	-3	0.0147114	11.313	0.452813	11	GGCCCCGCTCCCACA	CACGCCCCCCT	-
61-GGCCCCGCTCCCACA	ZN554_HUMAN.H11MO.1.D	1	0.0149872	11.5252	0.452813	8	GGCCCCGCTCCCACA	TGGCTCTGC	-
61-GGCCCCGCTCCCACA	ZFX_HUMAN.H11MO.0.A	3	0.0156095	12.0037	0.454262	7	GGCCCCGCTCCCACA	CCAGGCCCCG	+
61-GGCCCCGCTCCCACA	KLF5_HUMAN.H11MO.0.A	1	0.0156366	12.0246	0.454262	13	GGCCCCGCTCCCACA	CCCAGCCCCACCCT	-
62-GGCCGGTCAGAGTGA	ESR1_HUMAN.H11MO.0.A	-3	0.000514674	0.395784	0.43932	12	GGCCGGTCAGAGTGA	AGGTCACCCTGACCT	+
63-TTAACCAAATCA	DUX4_HUMAN.H11MO.0.A	-1	3.00721e-06	0.00231254	0.00457764	11	TTAACCAAATCA	TAACCTAATCA	-
63-TTAACCAAATCA	ZN250_HUMAN.H11MO.0.C	0	3.35633e-05	0.0258102	0.0255454	12	TTAACCAAATCA	GTAATCAAAACAGCATGGTA	-
63-TTAACCAAATCA	DUXA_HUMAN.H11MO.0.D	-1	0.000144042	0.110769	0.0730881	11	TTAACCAAATCA	TAATTTAATCA	-
63-TTAACCAAATCA	FOXP3_HUMAN.H11MO.0.D	-2	0.00129967	0.999448	0.380581	9	TTAACCAAATCA	AAACAAATT	-
63-TTAACCAAATCA	UNC4_HUMAN.H11MO.0.D	-1	0.00134898	1.03737	0.380581	11	TTAACCAAATCA	TAATTAAATTA	-
63-TTAACCAAATCA	ZN652_HUMAN.H11MO.0.D	1	0.00168915	1.29896	0.380581	10	TTAACCAAATCA	ATTAACCCTTT	-
63-TTAACCAAATCA	PHX2A_HUMAN.H11MO.0.D	-1	0.00199526	1.53436	0.380581	11	TTAACCAAATCA	TAATTTAATTA	+
63-TTAACCAAATCA	ALX3_HUMAN.H11MO.0.D	-1	0.00235263	1.80918	0.380581	11	TTAACCAAATCA	TAATTTAATTA	-
63-TTAACCAAATCA	ALX4_HUMAN.H11MO.0.D	0	0.00280502	2.15706	0.380581	12	TTAACCAAATCA	TTAATTAAATTA	+
63-TTAACCAAATCA	DRGX_HUMAN.H11MO.0.D	-1	0.00292255	2.24744	0.380581	11	TTAACCAAATCA	TAATTAAATTA	-
63-TTAACCAAATCA	PHX2B_HUMAN.H11MO.0.D	-1	0.00308391	2.37153	0.380581	11	TTAACCAAATCA	TAATTTAATTA	+
63-TTAACCAAATCA	ARX_HUMAN.H11MO.0.D	0	0.00336347	2.58651	0.380581	12	TTAACCAAATCA	TTAATTTAATTAG	+
63-TTAACCAAATCA	ALX1_HUMAN.H11MO.0.B	-1	0.00382667	2.94271	0.380581	11	TTAACCAAATCA	TAATCCAATTAT	-
63-TTAACCAAATCA	HXD10_HUMAN.H11MO.0.D	-2	0.00449866	3.45947	0.380581	10	TTAACCAAATCA	AATTAAAGCA	-
63-TTAACCAAATCA	RUNX1_HUMAN.H11MO.0.A	0	0.00522334	4.01675	0.380581	11	TTAACCAAATCA	GAAACCACAGA	-
63-TTAACCAAATCA	RUNX3_HUMAN.H11MO.0.A	-1	0.00529722	4.07357	0.380581	10	TTAACCAAATCA	AAACCACAAA	-
63-TTAACCAAATCA	PO3F4_HUMAN.H11MO.0.D	5	0.00536176	4.1232	0.380581	12	TTAACCAAATCA	ATAAATTATGCAAATTA	-
63-TTAACCAAATCA	PROP1_HUMAN.H11MO.0.D	-1	0.00747193	5.74591	0.45145	11	TTAACCAAATCA	TAATTCAATTA	-
63-TTAACCAAATCA	HXB8_HUMAN.H11MO.0.C	3	0.00747193	5.74591	0.45145	8	TTAACCAAATCA	GCATTAATCAA	-
63-TTAACCAAATCA	RAX2_HUMAN.H11MO.0.D	0	0.00809639	6.22612	0.456463	12	TTAACCAAATCA	CTAATTAAATTA	+
63-TTAACCAAATCA	HXB7_HUMAN.H11MO.0.C	2	0.00854939	6.57448	0.464788	8	TTAACCAAATCA	CATTAATCAA	-
63-TTAACCAAATCA	P5F1B_HUMAN.H11MO.0.D	4	0.00924677	7.11077	0.469188	12	TTAACCAAATCA	ATGAATATGCAAATTA	-
63-TTAACCAAATCA	PBX2_HUMAN.H11MO.0.C	3	0.00997656	7.67198	0.489888	12	TTAACCAAATCA	CCATCAATCAATTTA	-
68-CAGGTGCCC	ID4_HUMAN.H11MO.0.D	2	3.86775e-05	0.029743	0.0570645	9	CAGGTGCCC	GACAGGTGTAA	+
68-CAGGTGCCC	MESP1_HUMAN.H11MO.0.D	1	0.000224618	0.172731	0.116325	9	CAGGTGCCC	GCAGGTGTGGA	+
68-CAGGTGCCC	SNAI2_HUMAN.H11MO.0.A	2	0.00026465	0.203515	0.116325	8	CAGGTGCCC	GGCAGGTGCA	+
68-CAGGTGCCC	HES5_HUMAN.H11MO.0.D	3	0.000473816	0.364365	0.116325	9	CAGGTGCCC	CGGCACGTGCCA	-
68-CAGGTGCCC	SNAI1_HUMAN.H11MO.0.C	1	0.000495115	0.380743	0.116325	7	CAGGTGCCC	CCAGGTGG	+
68-CAGGTGCCC	HEY1_HUMAN.H11MO.0.D	3	0.000623085	0.479152	0.116325	9	CAGGTGCCC	CGACACGTGCCA	-
68-CAGGTGCCC	HES7_HUMAN.H11MO.0.D	3	0.000814966	0.626709	0.116325	9	CAGGTGCCC	TGGCACGTGCCG	+
68-CAGGTGCCC	MAX_HUMAN.H11MO.0.A	1	0.000897295	0.69002	0.116325	9	CAGGTGCCC	CCACGTGCTC	-
68-CAGGTGCCC	TFE3_HUMAN.H11MO.0.B	1	0.00102197	0.785892	0.116325	9	CAGGTGCCC	TCACGTGACC	-
68-CAGGTGCCC	MYC_HUMAN.H11MO.0.A	2	0.00122905	0.945141	0.116325	9	CAGGTGCCC	GCCACGTGCTC	+
68-CAGGTGCCC	FIGLA_HUMAN.H11MO.0.D	3	0.00122905	0.945141	0.116325	8	CAGGTGCCC	TAACAGGTGTT	+
68-CAGGTGCCC	MXI1_HUMAN.H11MO.1.A	2	0.00148841	1.14458	0.116325	9	CAGGTGCCC	CCCACGTGCTC	+
68-CAGGTGCCC	BHE40_HUMAN.H11MO.0.A	2	0.00150094	1.15422	0.116325	8	CAGGTGCCC	GTCACGTGCC	-
68-CAGGTGCCC	ASCL1_HUMAN.H11MO.0.A	5	0.00151716	1.1667	0.116325	9	CAGGTGCCC	GGGAGCAGGTGCAG	-
68-CAGGTGCCC	HEY2_HUMAN.H11MO.0.D	6	0.00159152	1.22388	0.116325	9	CAGGTGCCC	TAATGCCACGTGCCCCC	-
68-CAGGTGCCC	PTF1A_HUMAN.H11MO.1.B	1	0.00161579	1.24254	0.116325	8	CAGGTGCCC	CCAGCTGCT	-
68-CAGGTGCCC	ZN816_HUMAN.H11MO.0.C	5	0.00161876	1.24482	0.116325	9	CAGGTGCCC	CCCTGCATGTCCCCCTTTTTT	-
68-CAGGTGCCC	MYCN_HUMAN.H11MO.0.A	3	0.00166292	1.27878	0.116325	9	CAGGTGCCC	GCCCACGTGGCC	-
68-CAGGTGCCC	BMAL1_HUMAN.H11MO.0.A	2	0.00179835	1.38293	0.116325	9	CAGGTGCCC	GCCACGTGACT	+
68-CAGGTGCCC	MITF_HUMAN.H11MO.0.A	1	0.00181242	1.39375	0.116325	9	CAGGTGCCC	TCACGTGACC	+
68-CAGGTGCCC	ITF2_HUMAN.H11MO.0.C	2	0.00181242	1.39375	0.116325	8	CAGGTGCCC	CCCAGCTGCC	-
68-CAGGTGCCC	HIC1_HUMAN.H11MO.0.C	0	0.00183317	1.40971	0.116325	9	CAGGTGCCC	GGGTTGCCC	+
68-CAGGTGCCC	SCRT1_HUMAN.H11MO.0.D	4	0.00189223	1.45513	0.116325	9	CAGGTGCCC	GCAACAGGTGGTT	+
68-CAGGTGCCC	MYF6_HUMAN.H11MO.0.C	1	0.00216841	1.6675	0.12797	6	CAGGTGCCC	GCAGCTG	-
68-CAGGTGCCC	ZN816_HUMAN.H11MO.1.C	2	0.00268188	2.06237	0.141315	9	CAGGTGCCC	TGCATGTCCCCCTT	-
68-CAGGTGCCC	ZIC3_HUMAN.H11MO.0.B	6	0.00307939	2.36805	0.156666	9	CAGGTGCCC	TCACAGCAGGGGGCC	-
68-CAGGTGCCC	MYOG_HUMAN.H11MO.0.B	3	0.00372901	2.86761	0.173072	9	CAGGTGCCC	CCGCAGCTGTCCC	+
68-CAGGTGCCC	ZEB1_HUMAN.H11MO.0.A	2	0.00398849	3.06715	0.173072	8	CAGGTGCCC	GACAGGTGAG	+
68-CAGGTGCCC	USF1_HUMAN.H11MO.0.A	3	0.0041703	3.20696	0.173072	9	CAGGTGCCC	GGTCACGTGACC	-
68-CAGGTGCCC	SCRT2_HUMAN.H11MO.0.D	6	0.00420346	3.23246	0.173072	7	CAGGTGCCC	ATGCAACAGGTGG	+
68-CAGGTGCCC	TFE2_HUMAN.H11MO.0.A	2	0.00420983	3.23736	0.173072	9	CAGGTGCCC	CACAGCTGCAG	+
68-CAGGTGCCC	ASCL2_HUMAN.H11MO.0.D	2	0.00429716	3.30451	0.173072	7	CAGGTGCCC	AGCAGCTGG	-
68-CAGGTGCCC	MYOD1_HUMAN.H11MO.1.A	2	0.00446448	3.43319	0.173339	9	CAGGTGCCC	GACAGCTGCAG	-
68-CAGGTGCCC	BHA15_HUMAN.H11MO.0.B	1	0.00473327	3.63989	0.179062	9	CAGGTGCCC	CCAGCTGCTGC	-
68-CAGGTGCCC	CLOCK_HUMAN.H11MO.0.C	4	0.00521918	4.01355	0.192508	9	CAGGTGCCC	CAGACACGTGAACA	+
68-CAGGTGCCC	ZIC2_HUMAN.H11MO.0.D	6	0.00563495	4.33328	0.198466	9	CAGGTGCCC	TCACAGCAGGGGGCC	-
68-CAGGTGCCC	PTF1A_HUMAN.H11MO.0.B	1	0.00578425	4.44809	0.198466	9	CAGGTGCCC	CCAGCTGCCCCCTTTCCC	+
68-CAGGTGCCC	ZN121_HUMAN.H11MO.0.C	9	0.00645389	4.96304	0.2116	9	CAGGTGCCC	GGTCTTGCTATGTTGCCCAG	-
68-CAGGTGCCC	TFEB_HUMAN.H11MO.0.C	0	0.00682771	5.25051	0.211709	9	CAGGTGCCC	CACGTGACC	-
68-CAGGTGCCC	ZN563_HUMAN.H11MO.0.C	1	0.006957	5.34993	0.211709	9	CAGGTGCCC	GCAGCTGCCAGTGAGGATCCC	-
68-CAGGTGCCC	PAX5_HUMAN.H11MO.0.A	8	0.00738575	5.67965	0.217938	9	CAGGTGCCC	GTCACGCTCTGCTGCCCAGGC	-
68-CAGGTGCCC	USF2_HUMAN.H11MO.0.A	9	0.00755114	5.80682	0.218449	9	CAGGTGCCC	CGCCGCGGCCACGTGACCC	-
68-CAGGTGCCC	HTF4_HUMAN.H11MO.0.A	2	0.00793347	6.10084	0.22317	8	CAGGTGCCC	CACAGCTGCA	-
68-CAGGTGCCC	ZF64A_HUMAN.H11MO.0.D	0	0.00801684	6.16495	0.22317	9	CAGGTGCCC	CAGGTTCCCGGGCCCC	-
68-CAGGTGCCC	TAL1_HUMAN.H11MO.1.A	7	0.00895681	6.88779	0.240269	8	CAGGTGCCC	CAGGAAGCAGATGTG	+
68-CAGGTGCCC	ZN549_HUMAN.H11MO.0.C	0	0.00920469	7.07841	0.24251	9	CAGGTGCCC	GTGCTGCCCAATTCATGAAT	-
68-CAGGTGCCC	MEIS2_HUMAN.H11MO.0.B	4	0.00942923	7.25108	0.244067	9	CAGGTGCCC	TTGACAGCTGTCA	+
68-CAGGTGCCC	MLXPL_HUMAN.H11MO.0.D	1	0.0101054	7.77108	0.25706	9	CAGGTGCCC	GCATGTGACACCGCCGTGG	+
68-CAGGTGCCC	ZBT18_HUMAN.H11MO.0.C	2	0.0116324	8.94534	0.284491	9	CAGGTGCCC	TCCAGATGTGG	+
68-CAGGTGCCC	PLAL1_HUMAN.H11MO.0.D	0	0.0116545	8.96228	0.284491	9	CAGGTGCCC	CGGGGGGCCC	+
68-CAGGTGCCC	HES1_HUMAN.H11MO.0.D	4	0.0117622	9.04516	0.284491	9	CAGGTGCCC	CCGCCACGAGCCC	+
68-CAGGTGCCC	HEN1_HUMAN.H11MO.0.C	7	0.013749	10.573	0.29028	9	CAGGTGCCC	AGGGACGCAGCTGCTCCCCA	-
68-CAGGTGCCC	ZSC31_HUMAN.H11MO.0.C	2	0.0137723	10.5909	0.29028	9	CAGGTGCCC	CATAACTGCCCTGCTGCC	-
68-CAGGTGCCC	TBX3_HUMAN.H11MO.0.C	1	0.0144184	11.0877	0.295288	9	CAGGTGCCC	GGAGGTGGGAA	+
68-CAGGTGCCC	ZN320_HUMAN.H11MO.0.C	0	0.0162597	12.5037	0.319859	9	CAGGTGCCC	CACTGGCCCCCTGGTCCCAC	-
68-CAGGTGCCC	MXI1_HUMAN.H11MO.0.A	1	0.0173679	13.3559	0.337163	9	CAGGTGCCC	GCACGTGGCGGCGGG	+
68-CAGGTGCCC	ZN563_HUMAN.H11MO.1.C	2	0.0187421	14.4127	0.354882	9	CAGGTGCCC	CTGTGCTGCCTG	-
68-CAGGTGCCC	CR3L1_HUMAN.H11MO.0.D	3	0.0187616	14.4277	0.354882	8	CAGGTGCCC	TGCCACGTGGC	-
68-CAGGTGCCC	HESX1_HUMAN.H11MO.0.D	4	0.0194869	14.9854	0.359385	9	CAGGTGCCC	AGGCCACGTGCCGGAT	-
68-CAGGTGCCC	MYOD1_HUMAN.H11MO.0.A	1	0.02037	15.6645	0.366509	9	CAGGTGCCC	GCAGCTGTTCCTGCC	+
68-CAGGTGCCC	TWST1_HUMAN.H11MO.1.A	2	0.0208763	16.0539	0.371093	8	CAGGTGCCC	ACCAGATGTG	-
68-CAGGTGCCC	XBP1_HUMAN.H11MO.0.D	2	0.0219148	16.8525	0.377111	9	CAGGTGCCC	GCCACGTCAGC	-
68-CAGGTGCCC	NDF1_HUMAN.H11MO.0.A	2	0.0219817	16.9039	0.377111	8	CAGGTGCCC	GACAGATGGT	+
68-CAGGTGCCC	EPAS1_HUMAN.H11MO.0.B	1	0.0238705	18.3564	0.394177	8	CAGGTGCCC	GTACGTGCC	+
68-CAGGTGCCC	TBX5_HUMAN.H11MO.0.D	-1	0.0241535	18.574	0.394177	8	CAGGTGCCC	AGGTGTGA	+
68-CAGGTGCCC	ESR2_HUMAN.H11MO.1.A	-3	0.0243525	18.727	0.394177	6	CAGGTGCCC	GTGACCT	-
68-CAGGTGCCC	ESR1_HUMAN.H11MO.0.A	5	0.0251016	19.3032	0.394177	9	CAGGTGCCC	AGGTCAGGGTGACCT	-
68-CAGGTGCCC	ESR2_HUMAN.H11MO.0.A	5	0.0251016	19.3032	0.394177	9	CAGGTGCCC	AGGTCAGGGTGACCT	-
68-CAGGTGCCC	BHE41_HUMAN.H11MO.0.D	7	0.0251138	19.3125	0.394177	9	CAGGTGCCC	ACCGGGTCACGTGCAGAGGC	+
68-CAGGTGCCC	ZSC16_HUMAN.H11MO.0.D	0	0.0251138	19.3125	0.394177	9	CAGGTGCCC	GAGGTGTTCTGTTAACACTA	+
68-CAGGTGCCC	ZN134_HUMAN.H11MO.1.C	7	0.0266552	20.4978	0.405761	9	CAGGTGCCC	ACCTAATCAGGTGAAGG	+
68-CAGGTGCCC	CTCFL_HUMAN.H11MO.0.A	-1	0.0266552	20.4978	0.405761	8	CAGGTGCCC	CGGCGCCCCCTGGCGGC	-
68-CAGGTGCCC	MLX_HUMAN.H11MO.0.D	1	0.0268688	20.6621	0.405761	9	CAGGTGCCC	GCACGTGATCA	-
68-CAGGTGCCC	TFAP4_HUMAN.H11MO.0.A	1	0.0269519	20.726	0.405761	9	CAGGTGCCC	CCAGCTGTTT	+
68-CAGGTGCCC	NDF2_HUMAN.H11MO.0.B	2	0.0278375	21.4071	0.414861	7	CAGGTGCCC	AACAGATGG	+
68-CAGGTGCCC	NGN2_HUMAN.H11MO.0.D	4	0.028254	21.7273	0.416857	8	CAGGTGCCC	GGAGCAGATGGC	+
68-CAGGTGCCC	ATOH1_HUMAN.H11MO.0.B	2	0.0292861	22.521	0.422744	7	CAGGTGCCC	AGCAGATGG	+
68-CAGGTGCCC	TGIF2_HUMAN.H11MO.0.D	4	0.0297061	22.844	0.422744	7	CAGGTGCCC	ATGACAGCTGT	+
68-CAGGTGCCC	RFX2_HUMAN.H11MO.1.A	0	0.0297096	22.8467	0.422744	9	CAGGTGCCC	CGGTTGCCATGG	+
68-CAGGTGCCC	AP2D_HUMAN.H11MO.0.D	-1	0.0315837	24.2879	0.439608	8	CAGGTGCCC	ACGCGCCTCGGGCG	-
68-CAGGTGCCC	TF2LX_HUMAN.H11MO.0.D	2	0.0324011	24.9164	0.442632	9	CAGGTGCCC	GACAGCTGTCATAGT	-
68-CAGGTGCCC	SMAD3_HUMAN.H11MO.0.B	0	0.0328245	25.2421	0.444304	9	CAGGTGCCC	CAGGTGACAGAG	-
68-CAGGTGCCC	EOMES_HUMAN.H11MO.0.D	2	0.0362284	27.8596	0.471834	9	CAGGTGCCC	AGGAGGTGTTAA	+
68-CAGGTGCCC	PRDM4_HUMAN.H11MO.0.D	3	0.0362387	27.8675	0.471834	9	CAGGTGCCC	TTTCAAGGCCCCCCAC	-
68-CAGGTGCCC	NR1H4_HUMAN.H11MO.1.B	-2	0.0366907	28.2151	0.471834	7	CAGGTGCCC	ACTGACCT	-
68-CAGGTGCCC	SMAD4_HUMAN.H11MO.0.B	-1	0.0368877	28.3667	0.471834	8	CAGGTGCCC	AGGTGCCAGACAG	-
68-CAGGTGCCC	CTCF_HUMAN.H11MO.0.A	7	0.0370971	28.5277	0.471834	9	CAGGTGCCC	TGGCCACCAGGGGGCGCCA	+
68-CAGGTGCCC	ARNT_HUMAN.H11MO.0.B	1	0.0375888	28.9058	0.474003	8	CAGGTGCCC	GTACGTGCC	+
68-CAGGTGCCC	ATF3_HUMAN.H11MO.0.A	2	0.039901	30.6839	0.498895	9	CAGGTGCCC	ATCACGTCACC	-
68-CAGGTGCCC	HIF1A_HUMAN.H11MO.0.C	1	0.040619	31.236	0.499936	7	CAGGTGCCC	GGACGTGC	+
68-CAGGTGCCC	OLIG2_HUMAN.H11MO.1.B	1	0.0420173	32.3113	0.499936	9	CAGGTGCCC	CCATCTGTTT	+
68-CAGGTGCCC	ESR1_HUMAN.H11MO.1.A	-2	0.0420173	32.3113	0.499936	7	CAGGTGCCC	GGTGACCTTG	-
69-AGGGGCTGAG	ZN770_HUMAN.H11MO.0.C	1	0.00127002	0.976649	0.431402	10	AGGGGCTGAG	GGGAGGCTGAGGCGGGAGGATC	+
69-AGGGGCTGAG	SP1_HUMAN.H11MO.1.A	1	0.00128215	0.985973	0.431402	10	AGGGGCTGAG	GGGGGGCGGGGCCG	+
69-AGGGGCTGAG	KLF12_HUMAN.H11MO.0.C	0	0.00130789	1.00577	0.431402	10	AGGGGCTGAG	AGGGGCGGGGC	+
69-AGGGGCTGAG	ZN770_HUMAN.H11MO.1.C	1	0.00147544	1.13461	0.431402	10	AGGGGCTGAG	GGGAGGCTGAG	+
69-AGGGGCTGAG	NF2L2_HUMAN.H11MO.0.A	0	0.00154071	1.1848	0.431402	10	AGGGGCTGAG	AACTGCTGAGTCAT	+
69-AGGGGCTGAG	MAFG_HUMAN.H11MO.1.A	-3	0.00170313	1.30971	0.431402	7	AGGGGCTGAG	TGCTGAGT	+
69-AGGGGCTGAG	KLF8_HUMAN.H11MO.0.C	1	0.00242971	1.86844	0.470948	8	AGGGGCTGAG	CAGGGGGTG	+
69-AGGGGCTGAG	REST_HUMAN.H11MO.0.A	12	0.00269452	2.07208	0.470948	10	AGGGGCTGAG	GGGCGCTGTCCATGGTGCTGAA	-
69-AGGGGCTGAG	SP4_HUMAN.H11MO.0.A	5	0.00293699	2.25854	0.470948	10	AGGGGCTGAG	GGGAAGGGGGCGGGGCCGGG	+
69-AGGGGCTGAG	KLF5_HUMAN.H11MO.0.A	4	0.00332531	2.55717	0.470948	10	AGGGGCTGAG	AGGGTGGGGCTGGG	+
69-AGGGGCTGAG	MAFF_HUMAN.H11MO.1.B	-3	0.00393265	3.02421	0.470948	7	AGGGGCTGAG	TGCTGAGTC	+
69-AGGGGCTGAG	MAZ_HUMAN.H11MO.0.A	5	0.00461706	3.55052	0.470948	10	AGGGGCTGAG	GGGGGAGGGGGGGGGGGGGGGG	+
69-AGGGGCTGAG	ZN331_HUMAN.H11MO.0.C	2	0.00471096	3.62273	0.470948	10	AGGGGCTGAG	GGCTGGGCTCAGCTGGGTGG	+
69-AGGGGCTGAG	ZN768_HUMAN.H11MO.0.C	9	0.00499173	3.83864	0.470948	10	AGGGGCTGAG	GAGGCTCAGAGAGGTTAAGT	+
69-AGGGGCTGAG	SP4_HUMAN.H11MO.1.A	3	0.00525346	4.03991	0.470948	10	AGGGGCTGAG	GGAGGGGGCGGGGCCG	+
69-AGGGGCTGAG	SP1_HUMAN.H11MO.0.A	1	0.00582554	4.47984	0.470948	10	AGGGGCTGAG	GGGGGGCGGGGCCGGGGGGGGG	+
69-AGGGGCTGAG	ZN652_HUMAN.H11MO.0.D	1	0.00584162	4.4922	0.470948	10	AGGGGCTGAG	AAAGGGTTAAT	+
69-AGGGGCTGAG	BACH1_HUMAN.H11MO.0.A	-3	0.00609978	4.69073	0.470948	7	AGGGGCTGAG	TGCTGAGTCATGC	+
69-AGGGGCTGAG	MAFK_HUMAN.H11MO.1.A	-3	0.00644248	4.95427	0.470948	7	AGGGGCTGAG	TGCTGAGTCAGCA	+
69-AGGGGCTGAG	BACH2_HUMAN.H11MO.0.A	-3	0.0068763	5.28788	0.470948	7	AGGGGCTGAG	TGCTGAGTCAT	+
69-AGGGGCTGAG	KLF1_HUMAN.H11MO.0.A	4	0.00688972	5.29819	0.470948	10	AGGGGCTGAG	GGGGCGGGGCCGGG	+
69-AGGGGCTGAG	NFE2_HUMAN.H11MO.0.A	-3	0.00718182	5.52282	0.470948	7	AGGGGCTGAG	TGCTGAGTCATGC	-
69-AGGGGCTGAG	SP2_HUMAN.H11MO.1.B	1	0.00761516	5.85606	0.470948	10	AGGGGCTGAG	AGGGGGCGGGGC	+
69-AGGGGCTGAG	MAF_HUMAN.H11MO.1.B	-3	0.00771429	5.93229	0.470948	7	AGGGGCTGAG	TGCTGACT	+
69-AGGGGCTGAG	SP3_HUMAN.H11MO.0.B	4	0.00785973	6.04413	0.470948	10	AGGGGCTGAG	GGGGGGGGGCGGGGCCGGGG	+
69-AGGGGCTGAG	MAF_HUMAN.H11MO.0.A	2	0.00805676	6.19565	0.470948	10	AGGGGCTGAG	GAATCTGCTGACTCAGCAA	+
69-AGGGGCTGAG	ZN554_HUMAN.H11MO.1.D	-4	0.00926063	7.12143	0.498169	6	AGGGGCTGAG	GCAGAGCCA	+
69-AGGGGCTGAG	ZN219_HUMAN.H11MO.0.D	3	0.0104641	8.04693	0.498169	9	AGGGGCTGAG	GAGGGGGGCGGA	+
69-AGGGGCTGAG	AP2C_HUMAN.H11MO.0.A	0	0.0105813	8.13701	0.498169	10	AGGGGCTGAG	ATGCCCTGAGGCCA	+
69-AGGGGCTGAG	SALL4_HUMAN.H11MO.0.B	0	0.0108618	8.3527	0.498169	10	AGGGGCTGAG	GGAGGGTGGG	+
69-AGGGGCTGAG	GSC2_HUMAN.H11MO.0.D	0	0.0110834	8.52314	0.498169	10	AGGGGCTGAG	AGCGGATTAGG	+
69-AGGGGCTGAG	TBX20_HUMAN.H11MO.0.D	0	0.0111528	8.57647	0.498169	10	AGGGGCTGAG	AGGTGCTGACAGGT	+
69-AGGGGCTGAG	KLF15_HUMAN.H11MO.0.A	4	0.0111823	8.59917	0.498169	10	AGGGGCTGAG	GGGGAGGAGCAGGGGGGGG	+
69-AGGGGCTGAG	CRX_HUMAN.H11MO.0.B	2	0.0115792	8.90441	0.498169	10	AGGGGCTGAG	TAAGAGGATTAGG	+
69-AGGGGCTGAG	SRBP2_HUMAN.H11MO.0.B	2	0.0115792	8.90441	0.498169	10	AGGGGCTGAG	GGGTGGGGTGAGG	+
69-AGGGGCTGAG	KLF6_HUMAN.H11MO.0.A	2	0.0118003	9.07444	0.498169	10	AGGGGCTGAG	GGAAGGGCGGGGCCGGGGG	+
69-AGGGGCTGAG	ZBT7A_HUMAN.H11MO.0.A	1	0.0121696	9.35846	0.499875	8	AGGGGCTGAG	GGGGGTCTC	+
70-AGCAGCTA	PTF1A_HUMAN.H11MO.1.B	0	0.000402763	0.309725	0.359987	8	AGCAGCTA	AGCAGCTGG	+
70-AGCAGCTA	BHA15_HUMAN.H11MO.0.B	2	0.000468124	0.359987	0.359987	8	AGCAGCTA	GCAGCAGCTGG	+
70-AGCAGCTA	ASCL2_HUMAN.H11MO.0.D	0	0.000839688	0.64572	0.43048	8	AGCAGCTA	AGCAGCTGG	-
73-KGCGCGCM	ZBT14_HUMAN.H11MO.0.C	2	5.25897e-05	0.0404415	0.0404415	7	GGCGCGCC	GGAGCGCGC	+
73-KGCGCGCM	E2F2_HUMAN.H11MO.0.B	0	0.000909232	0.699199	0.3496	8	GGCGCGCC	GGCGCGAAAC	+
74-AGGGCGCG	CTCFL_HUMAN.H11MO.0.A	6	0.000410718	0.315842	0.325206	8	AGGGCGCG	GCCGCCAGGGGGCGCCG	+
74-AGGGCGCG	ZBT14_HUMAN.H11MO.0.C	0	0.000426325	0.327844	0.325206	8	AGGGCGCG	GGAGCGCGC	+
74-AGGGCGCG	KLF12_HUMAN.H11MO.0.C	1	0.000827589	0.636416	0.33978	8	AGGGCGCG	AGGGGCGGGGC	+
74-AGGGCGCG	E2F2_HUMAN.H11MO.0.B	-2	0.00129478	0.995686	0.33978	6	AGGGCGCG	GGCGCGAAAC	+
74-AGGGCGCG	KLF4_HUMAN.H11MO.0.A	0	0.00148253	1.14007	0.33978	8	AGGGCGCG	AGGGTGTGGC	+
74-AGGGCGCG	INSM1_HUMAN.H11MO.0.C	4	0.00164512	1.2651	0.33978	8	AGGGCGCG	TGTCAGGGGGCA	+
74-AGGGCGCG	SP1_HUMAN.H11MO.1.A	2	0.0019519	1.50101	0.33978	8	AGGGCGCG	GGGGGGCGGGGCCG	+
74-AGGGCGCG	KLF1_HUMAN.H11MO.0.A	0	0.00273426	2.10265	0.33978	8	AGGGCGCG	GGGGCGGGGCCGGG	+
74-AGGGCGCG	TFDP1_HUMAN.H11MO.0.C	2	0.00273426	2.10265	0.33978	8	AGGGCGCG	GGGGGGCGGGAAAA	+
74-AGGGCGCG	E2F6_HUMAN.H11MO.0.A	0	0.0032991	2.53701	0.33978	8	AGGGCGCG	GGGGCGGGAAGGG	+
74-AGGGCGCG	E2F1_HUMAN.H11MO.0.A	2	0.00355651	2.73496	0.33978	8	AGGGCGCG	GGGGGGCGGGAAAG	+
74-AGGGCGCG	KLF6_HUMAN.H11MO.0.A	3	0.00371205	2.85457	0.33978	8	AGGGCGCG	GGAAGGGCGGGGCCGGGGG	+
74-AGGGCGCG	KLF14_HUMAN.H11MO.0.D	1	0.00375308	2.88612	0.33978	8	AGGGCGCG	AGGGGGGCGTGGC	+
74-AGGGCGCG	KLF3_HUMAN.H11MO.0.B	5	0.00396851	3.05178	0.33978	8	AGGGCGCG	GGGGAGGGGCGGGGCCGGG	+
74-AGGGCGCG	E2F4_HUMAN.H11MO.0.A	1	0.0040008	3.07662	0.33978	8	AGGGCGCG	GGGGGCGGGAAAT	+
74-AGGGCGCG	KLF9_HUMAN.H11MO.0.C	2	0.00402137	3.09244	0.33978	8	AGGGCGCG	GGAGGGGGCGTGGCC	+
74-AGGGCGCG	SP1_HUMAN.H11MO.0.A	0	0.00459657	3.53476	0.33978	8	AGGGCGCG	GGGGGGCGGGGCCGGGGGGGGG	+
74-AGGGCGCG	KLF16_HUMAN.H11MO.0.D	1	0.00483826	3.72062	0.33978	8	AGGGCGCG	GGGGGCGGGGGGGGGGGGG	+
74-AGGGCGCG	KLF13_HUMAN.H11MO.0.D	1	0.00494065	3.79936	0.33978	8	AGGGCGCG	AGGGGGGCGTG	+
74-AGGGCGCG	SP2_HUMAN.H11MO.1.B	0	0.00496588	3.81876	0.33978	8	AGGGCGCG	AGGGGGCGGGGC	+
74-AGGGCGCG	KLF5_HUMAN.H11MO.0.A	0	0.00521788	4.01255	0.33978	8	AGGGCGCG	AGGGTGGGGCTGGG	+
74-AGGGCGCG	MAZ_HUMAN.H11MO.1.A	1	0.00525331	4.0398	0.33978	8	AGGGCGCG	GAGGGAGGGGG	+
74-AGGGCGCG	ZFX_HUMAN.H11MO.0.A	2	0.00531368	4.08622	0.33978	8	AGGGCGCG	CCAGGCCCCG	+
74-AGGGCGCG	KLF8_HUMAN.H11MO.0.C	1	0.00534515	4.11042	0.33978	8	AGGGCGCG	CAGGGGGTG	+
74-AGGGCGCG	E2F3_HUMAN.H11MO.0.A	0	0.00558414	4.29421	0.340773	8	AGGGCGCG	AGGGCGGGAAA	+
74-AGGGCGCG	CTCF_HUMAN.H11MO.0.A	8	0.00626828	4.8203	0.36781	8	AGGGCGCG	TGGCCACCAGGGGGCGCCA	+
74-AGGGCGCG	ZFX_HUMAN.H11MO.1.A	8	0.00680475	5.23285	0.370986	8	AGGGCGCG	GGGGGCGGAGGCCGGGG	+
74-AGGGCGCG	SALL4_HUMAN.H11MO.0.B	2	0.00808936	6.22072	0.408655	8	AGGGCGCG	GGAGGGTGGG	+
74-AGGGCGCG	SP2_HUMAN.H11MO.0.A	4	0.00825839	6.35071	0.408655	8	AGGGCGCG	GGGGGGGGGGCGGGGCCGGGGG	+
74-AGGGCGCG	ZN423_HUMAN.H11MO.0.D	8	0.00853079	6.56017	0.408655	7	AGGGCGCG	GGCACCCAAGGGTGC	+
74-AGGGCGCG	ZBT48_HUMAN.H11MO.0.C	2	0.00857153	6.59151	0.408655	8	AGGGCGCG	TTAGGGACCGTG	+
74-AGGGCGCG	AP2D_HUMAN.H11MO.0.D	5	0.010209	7.85072	0.471974	8	AGGGCGCG	CGCCCGAGGCGCGT	+
74-AGGGCGCG	ZN524_HUMAN.H11MO.0.D	7	0.0107647	8.27807	0.483028	8	AGGGCGCG	GGGTTCGAGGGTTCGAGT	+
75-CCGCGCTC	ZBT14_HUMAN.H11MO.0.C	0	4.31423e-05	0.0331764	0.0663528	8	CCGCGCTC	GCGCGCTCC	-

# Tomtom (Motif Comparison Tool): Version 5.4.1 compiled on Jun 16 2022 at 10:42:36
# The format of this file is described at https://meme-suite.org/meme/doc/tomtom-output-format.html.
# tomtom -oc /home/okishinya/yoshimura/suzuki_rna/meme_bed10/TOMTOM.DRX130772.10.uniq_20220712 /home/okishinya/yoshimura/suzuki_rna/meme_bed10/STREME.DRX130772.10.uniq_20220712/streme.txt /home/yuka/reference/HOCOMOCOv11_full_HUMAN_mono_meme_format.meme
